doi                       , autor, revista, apellido, pais
10.1007/s12144-025-07433-7,      ,        ,         , TR
10.1007/s00431-025-06435-8,      ,        ,         , TR
10.1007/s00163-024-00441-x,      ,        ,         , FR
10.1007/s12525-023-00680-1,      ,        ,         , DE
10.1007/s10639-024-13236-3,      ,        ,         , CN
10.1007/s11042-024-20016-1,      ,        ,         , IN
10.1007/s11042-024-20016-1,      ,        ,         , GB
10.1007/s10462-024-10973-2,      ,        ,         , GB
10.1007/s11301-024-00469-2,      ,        ,         , DE
10.1007/s13347-025-00863-y,      ,        ,         , DE
10.1007/s40620-024-02165-6,      ,        ,         , US
10.1007/s10143-024-02514-w,      ,        ,         , US
10.1007/s41959-023-00099-x,      ,        ,         , US
10.1007/s41959-023-00099-x,      ,        ,         , GB
10.1007/s10639-025-13410-1,      ,        ,         , KR
10.1007/s11528-025-01129-2,      ,        ,         , US
10.1007/s00146-024-02007-w,      ,        ,         , IT
10.1007/s44217-024-00289-2,      ,        ,         , ZA
10.1007/s10551-024-05741-9,      ,        ,         , AU
10.1007/s10551-024-05741-9,      ,        ,         , FR
10.1007/s10209-024-01116-z,      ,        ,         , KR
10.1007/s10916-024-02136-1,      ,        ,         , PK
10.1007/s10916-024-02136-1,      ,        ,         , US
10.1007/s11528-024-01024-2,      ,        ,         , US
10.1007/s40670-024-02078-w,      ,        ,         , JP
10.1007/s44223-024-00066-z,      ,        ,         , CN
10.1007/s00146-024-02129-1,      ,        ,         , US
10.1007/s40979-025-00201-x,      ,        ,         , GB
10.1007/s40979-025-00201-x,      ,        ,         , CA
10.1007/s11858-024-01629-0,      ,        ,         , KR
10.1007/s11858-024-01629-0,      ,        ,         , US
10.1007/s11528-023-00911-4,      ,        ,         , US
10.1007/s10956-024-10148-2,      ,        ,         , CN
10.1007/s10956-024-10148-2,      ,        ,         , CY
10.1007/s11145-025-10699-9,      ,        ,         , NO
10.1007/s11145-025-10699-9,      ,        ,         , US
10.1007/s11145-025-10699-9,      ,        ,         , NL
10.1007/s11528-023-00913-2,      ,        ,         , US
10.1007/s11920-023-01477-x,      ,        ,         , US
10.1007/s11528-023-00913-2,      ,        ,         , US
10.1007/s10639-025-13420-z,      ,        ,         , CN
10.1007/s10956-024-10177-x,      ,        ,         , US
10.1007/s11423-025-10495-w,      ,        ,         , CN
10.1007/s40670-024-02218-2,      ,        ,         , US
10.1007/s10639-024-12936-0,      ,        ,         , ID
10.1007/s10639-024-12936-0,      ,        ,         , US
10.1007/s10639-024-12936-0,      ,        ,         , AU
10.1007/s10639-024-12936-0,      ,        ,         , LB
10.1007/s10639-024-12936-0,      ,        ,         , GB
10.1007/s10639-024-12936-0,      ,        ,         , CA
10.1007/s10956-024-10175-z,      ,        ,         , US
10.1007/s10956-024-10175-z,      ,        ,         , FI
10.1007/s42001-024-00250-1,      ,        ,         , US
10.1007/s10956-024-10104-0,      ,        ,         , AU
10.1007/s13132-024-02152-z,      ,        ,         , MO
10.1007/s00586-025-09052-z,      ,        ,         , US
10.1007/s40670-025-02289-9,      ,        ,         , CA
10.1007/s10845-024-02480-6,      ,        ,         , US
10.1007/s10278-025-01628-x,      ,        ,         , US
10.1007/s10278-025-01628-x,      ,        ,         , IL
10.1007/s42979-024-03307-0,      ,        ,         , IN
10.1007/s40979-024-00149-4,      ,        ,         , GB
10.1007/s38314-023-1564-3 ,      ,        ,         , DE
10.1007/s43545-023-00818-0,      ,        ,         , TH
10.1007/s43545-023-00818-0,      ,        ,         , IN
10.1007/s40368-025-01012-x,      ,        ,         , GR
10.1007/s40368-025-01012-x,      ,        ,         , AE
10.1007/s40368-025-01012-x,      ,        ,         , CY
10.1007/s44217-025-00603-6,      ,        ,         , GH
10.1007/s10639-023-12405-0,      ,        ,         , AU
10.1007/s11191-024-00508-0,      ,        ,         , AU
10.1007/s11606-024-09102-0,      ,        ,         , US
10.1007/s10796-024-10562-2,      ,        ,         , US
10.1007/s10639-024-12835-4,      ,        ,         , CN
10.1007/s11191-024-00534-y,      ,        ,         , US
10.1007/s40692-024-00333-y,      ,        ,         , TH
10.1007/s40692-024-00333-y,      ,        ,         , EG
10.1007/s40692-024-00333-y,      ,        ,         , CN
10.1007/s40692-024-00333-y,      ,        ,         , BD
10.1007/s11145-025-10702-3,      ,        ,         , NO
10.1007/s11145-025-10702-3,      ,        ,         , US
10.1007/s00259-025-07091-8,      ,        ,         , AT
10.1007/s00259-025-07091-8,      ,        ,         , PT
10.1007/s00259-025-07091-8,      ,        ,         , IT
10.1007/s00371-025-03808-w,      ,        ,         , US
10.1007/s00371-025-03808-w,      ,        ,         , NL
10.1007/s00371-025-03808-w,      ,        ,         , CN
10.1007/s40593-024-00439-5,      ,        ,         , LK
10.1007/s00384-024-04670-3,      ,        ,         , KR
10.1007/s43545-025-01167-w,      ,        ,         , IT
10.1007/s10278-025-01519-1,      ,        ,         , IE
10.1007/s10278-025-01519-1,      ,        ,         , US
10.1007/s10278-025-01519-1,      ,        ,         , GB
10.1007/s10143-024-02541-7,      ,        ,         , IN
10.1007/s00521-023-09307-0,      ,        ,         , US
10.1007/s00521-023-09307-0,      ,        ,         , CN
10.1007/s00521-023-09307-0,      ,        ,         , US
10.1007/s00521-023-09307-0,      ,        ,         , CN
10.1007/s10880-025-10101-4,      ,        ,         , US
10.1007/s11528-023-00863-9,      ,        ,         , US
10.1007/s12144-024-07193-w,      ,        ,         , KR
10.1007/s12144-024-07193-w,      ,        ,         , CN
10.1007/s00247-024-06098-x,      ,        ,         , US
10.1007/s40596-024-02055-w,      ,        ,         , US
10.1007/s00424-025-03071-x,      ,        ,         , DE
10.1007/s10439-023-03304-z,      ,        ,         , IE
10.1007/s10439-023-03304-z,      ,        ,         , US
10.1007/s00238-024-02162-9,      ,        ,         , AU
10.1007/s00238-024-02162-9,      ,        ,         , IT
10.1007/s11673-025-10427-6,      ,        ,         , AU
10.1007/s43681-024-00471-0,      ,        ,         , BR
10.1007/s40171-023-00356-x,      ,        ,         , IN
10.1007/s12306-025-00894-w,      ,        ,         , CO
10.1007/s10916-024-02093-9,      ,        ,         , US
10.1007/s43465-024-01258-5,      ,        ,         , IN
10.1007/s11846-023-00696-z,      ,        ,         , DE
10.1007/s44244-023-00012-4,      ,        ,         , GH
10.1007/s42524-024-3128-5 ,      ,        ,         , US
10.1007/s42524-024-3128-5 ,      ,        ,         , GB
10.1007/s42524-024-3128-5 ,      ,        ,         , CN
10.1007/s10639-024-13076-1,      ,        ,         , MO
10.1007/s44244-023-00012-4,      ,        ,         , GH
10.1007/s00706-024-03246-9,      ,        ,         , CZ
10.1007/s12325-025-03273-w,      ,        ,         , GB
10.1007/s44174-025-00493-0,      ,        ,         , IN
10.1007/s11606-025-09427-4,      ,        ,         , US
10.1007/s11747-025-01100-w,      ,        ,         , US
10.1007/s11747-025-01100-w,      ,        ,         , IT
10.1007/s44217-024-00173-z,      ,        ,         , CA
10.1007/s44217-024-00173-z,      ,        ,         , GH
10.1007/s00066-024-02272-0,      ,        ,         , DE
10.1007/s43995-025-00186-1,      ,        ,         , SA
10.1007/s41965-024-00172-x,      ,        ,         , HK
10.1007/s41965-024-00172-x,      ,        ,         , CN
10.1007/s00066-024-02272-0,      ,        ,         , DE
10.1007/s44217-024-00173-z,      ,        ,         , CA
10.1007/s44217-024-00173-z,      ,        ,         , GH
10.1007/s41965-024-00172-x,      ,        ,         , HK
10.1007/s41965-024-00172-x,      ,        ,         , CN
10.1007/s10956-023-10039-y,      ,        ,         , AU
10.1007/s43681-025-00688-7,      ,        ,         , US
10.1007/s41999-024-01070-2,      ,        ,         , ES
10.1007/s00345-024-05311-8,      ,        ,         , FR
10.1007/s40979-025-00199-2,      ,        ,         , CL
10.1007/s40670-023-01934-5,      ,        ,         , AU
10.1007/s00405-024-08621-0,      ,        ,         , IT
10.1007/s44186-024-00271-4,      ,        ,         , US
10.1007/s44186-024-00271-4,      ,        ,         , CA
10.1007/s00146-025-02625-y,      ,        ,         , GB
10.1007/s40596-024-02087-2,      ,        ,         , US
10.1007/s40596-024-02087-2,      ,        ,         , CA
10.1007/s00266-025-04954-1,      ,        ,         , IT
10.1007/s00894-025-06376-x,      ,        ,         , IN
10.1007/s11430-024-1452-3 ,      ,        ,         , CN
10.1007/s40820-024-01634-8,      ,        ,         , US
10.1007/s40820-024-01634-8,      ,        ,         , HK
10.1007/s00146-024-02073-0,      ,        ,         , CN
10.1007/s40592-025-00256-z,      ,        ,         , US
10.1007/s00384-024-04677-w,      ,        ,         , IN
10.1007/s40823-024-00103-7,      ,        ,         , US
10.1007/s11916-024-01297-5,      ,        ,         , JP
10.1007/s11916-024-01297-5,      ,        ,         , US
10.1007/s40593-025-00518-1,      ,        ,         , ES
10.1007/s13042-025-02536-w,      ,        ,         , CN
10.1007/s40593-025-00518-1,      ,        ,         , ES
10.1007/s44163-024-00105-8,      ,        ,         , BR
10.1007/s11431-024-2732-9 ,      ,        ,         , CN
10.1007/s00266-025-05010-8,      ,        ,         , BE
10.1007/s00266-025-05010-8,      ,        ,         , US
10.1007/s00266-025-05010-8,      ,        ,         , ES
10.1007/s00266-025-05010-8,      ,        ,         , FR
10.1007/s00266-025-05010-8,      ,        ,         , IT
10.1007/s40290-025-00561-2,      ,        ,         , US
10.1007/s42438-024-00455-7,      ,        ,         , GR
10.1007/s42979-024-03074-y,      ,        ,         , US
10.1007/s00521-025-11604-9,      ,        ,         , PL
10.1007/s00521-025-11604-9,      ,        ,         , BE
10.1007/s00521-025-11604-9,      ,        ,         , GR
10.1007/s00521-025-11604-9,      ,        ,         , UA
10.1007/s00521-025-11604-9,      ,        ,         , GB
10.1007/s00521-025-11604-9,      ,        ,         , BG
10.1007/s44163-025-00229-5,      ,        ,         , JP
10.1007/s12262-024-04093-y,      ,        ,         , TR
10.1007/s00146-024-02004-z,      ,        ,         , IT
10.1007/s11934-024-01239-z,      ,        ,         , US
10.1007/s10916-025-02223-x,      ,        ,         , US
10.1007/s13668-025-00680-x,      ,        ,         , US
10.1007/s12008-023-01721-x,      ,        ,         , IN
10.1007/s13668-025-00680-x,      ,        ,         , US
10.1007/s12008-023-01721-x,      ,        ,         , IN
10.1007/s43039-025-00117-x,      ,        ,         , IT
10.1007/s42250-024-00976-5,      ,        ,         , IN
10.1007/s10755-024-09749-x,      ,        ,         , US
10.1007/s10755-024-09749-x,      ,        ,         , SA
10.1007/s00521-024-09960-z,      ,        ,         , IN
10.1007/s00521-024-09960-z,      ,        ,         , FR
10.1007/s11430-024-1309-9 ,      ,        ,         , CN
10.1007/s40725-024-00234-4,      ,        ,         , PL
10.1007/s40725-024-00234-4,      ,        ,         , ES
10.1007/s10639-024-13129-5,      ,        ,         , US
10.1007/s11912-025-01688-w,      ,        ,         , US
10.1007/s40501-025-00359-8,      ,        ,         , US
10.1007/s11845-023-03537-w,      ,        ,         , IN
10.1007/s00146-025-02555-9,      ,        ,         , IR
10.1007/s13555-025-01459-2,      ,        ,         , CN
10.1007/s11517-025-03429-4,      ,        ,         , IR
10.1007/s10586-025-05126-1,      ,        ,         , LT
10.1007/s10586-025-05126-1,      ,        ,         , IN
10.1007/s11528-023-00926-x,      ,        ,         , US
10.1007/s11528-023-00926-x,      ,        ,         , NL
10.1007/s11528-023-00926-x,      ,        ,         , US
10.1007/s11528-023-00926-x,      ,        ,         , NL
10.1007/s11517-025-03429-4,      ,        ,         , IR
10.1007/s00146-023-01841-8,      ,        ,         , DE
10.1007/s00146-023-01841-8,      ,        ,         , QA
10.1007/s11934-025-01277-1,      ,        ,         , US
10.1007/s13668-025-00635-2,      ,        ,         , BR
10.1007/s11596-024-2960-5 ,      ,        ,         , CN
10.1007/s11596-024-2960-5 ,      ,        ,         , HK
10.1007/s11934-024-01252-2,      ,        ,         , US
10.1007/s11547-024-01886-9,      ,        ,         , KR
10.1007/s13218-024-00867-4,      ,        ,         , DE
10.1007/s11596-024-2960-5 ,      ,        ,         , CN
10.1007/s11596-024-2960-5 ,      ,        ,         , HK
10.1007/s44163-024-00126-3,      ,        ,         , FI
10.1007/s40211-025-00538-2,      ,        ,         , GE
10.1007/s40211-025-00538-2,      ,        ,         , GB
10.1007/s00266-024-04421-3,      ,        ,         , US
10.1007/s00266-024-04421-3,      ,        ,         , BR
10.1007/s12371-024-01011-2,      ,        ,         , IT
10.1007/s12178-025-09992-5,      ,        ,         , US
10.1007/s42979-024-03491-z,      ,        ,         , TN
10.1007/s00464-025-12203-4,      ,        ,         , JP
10.1007/s10639-024-13294-7,      ,        ,         , TR
10.1007/s43253-024-00134-0,      ,        ,         , AR
10.1007/s11301-024-00451-y,      ,        ,         , DE
10.1007/s40199-024-00548-5,      ,        ,         , IN
10.1007/s00146-024-02102-y,      ,        ,         , DK
10.1007/s11747-024-01076-z,      ,        ,         , US
10.1007/s00146-025-02620-3,      ,        ,         , US
10.1007/s00114-025-02029-4,      ,        ,         , RU
10.1007/s43681-024-00589-1,      ,        ,         , US
10.1007/s12178-025-09982-7,      ,        ,         , US
10.1007/s13347-024-00799-9,      ,        ,         , SE
10.1007/s11126-025-10167-1,      ,        ,         , GB
10.1007/s11126-025-10167-1,      ,        ,         , TR
10.1007/s00424-025-03067-7,      ,        ,         , DE
10.1007/s11908-024-00854-8,      ,        ,         , US
10.1007/s44243-025-00054-5,      ,        ,         , US
10.1007/s44217-025-00767-1,      ,        ,         , ID
10.1007/s44217-025-00767-1,      ,        ,         , MY
10.1007/s40670-024-02190-x,      ,        ,         , TW
10.1007/s40670-024-02190-x,      ,        ,         , JP
10.1007/s40670-024-02190-x,      ,        ,         , US
10.1007/s40670-024-02190-x,      ,        ,         , GB
10.1007/s40670-024-02190-x,      ,        ,         , CA
10.1007/s11126-025-10167-1,      ,        ,         , GB
10.1007/s11126-025-10167-1,      ,        ,         , TR
10.1007/s10916-025-02157-4,      ,        ,         , IE
10.1007/s10639-024-13081-4,      ,        ,         , TR
10.1007/s12094-025-03948-4,      ,        ,         , ES
10.1007/s43621-024-00682-9,      ,        ,         , IN
10.1007/s43621-024-00682-9,      ,        ,         , SA
10.1007/s43621-024-00682-9,      ,        ,         , IN
10.1007/s43621-024-00682-9,      ,        ,         , SA
10.1007/s12026-024-09527-z,      ,        ,         , GB
10.1007/s10845-024-02457-5,      ,        ,         , US
10.1007/s10741-024-10431-9,      ,        ,         , PL
10.1007/s42379-024-00168-1,      ,        ,         , CN
10.1007/s40593-024-00398-x,      ,        ,         , US
10.1007/s11883-025-01316-9,      ,        ,         , US
10.1007/s12325-025-03198-4,      ,        ,         , PL
10.1007/s12325-025-03198-4,      ,        ,         , BE
10.1007/s12325-025-03198-4,      ,        ,         , CO
10.1007/s12325-025-03198-4,      ,        ,         , US
10.1007/s12325-025-03198-4,      ,        ,         , ES
10.1007/s12325-025-03198-4,      ,        ,         , BR
10.1007/s12325-025-03198-4,      ,        ,         , DE
10.1007/s12325-025-03198-4,      ,        ,         , NL
10.1007/s12325-025-03198-4,      ,        ,         , CA
10.1007/s12325-025-03198-4,      ,        ,         , IL
10.1007/s10916-024-02038-2,      ,        ,         , IT
10.1007/s11060-025-05094-x,      ,        ,         , DE
10.1007/s11060-025-05094-x,      ,        ,         , US
10.1007/s11060-025-05094-x,      ,        ,         , FR
10.1007/s11097-024-10004-z,      ,        ,         , BE
10.1007/s12541-025-01288-5,      ,        ,         , KR
10.1007/s11023-024-09664-2,      ,        ,         , GB
10.1007/s11023-024-09664-2,      ,        ,         , CA
10.1007/s12541-025-01288-5,      ,        ,         , KR
10.1007/s43681-024-00628-x,      ,        ,         , GB
10.1007/s11684-024-1085-3 ,      ,        ,         , HU
10.1007/s10143-025-03783-9,      ,        ,         , US
10.1007/s10462-024-10953-6,      ,        ,         , ZA
10.1007/s10462-024-10953-6,      ,        ,         , SA
10.1007/s10462-024-10953-6,      ,        ,         , CN
10.1007/s10462-024-10953-6,      ,        ,         , JO
10.1007/s10596-024-10317-7,      ,        ,         , US
10.1007/s10596-024-10317-7,      ,        ,         , NL
10.1007/s10596-024-10317-7,      ,        ,         , CH
10.1007/s00296-024-05661-x,      ,        ,         , TR
10.1007/s12170-024-00745-6,      ,        ,         , US
10.1007/s42438-024-00463-7,      ,        ,         , US
10.1007/s11042-023-17890-6,      ,        ,         , IN
10.1007/s11934-024-01251-3,      ,        ,         , TR
10.1007/s00146-024-02037-4,      ,        ,         , HU
10.1007/s44217-024-00261-0,      ,        ,         , US
10.1007/s10393-025-01752-8,      ,        ,         , IN
10.1007/s13246-025-01535-z,      ,        ,         , MY
10.1007/s13246-025-01535-z,      ,        ,         , GB
10.1007/s13246-025-01535-z,      ,        ,         , HK
10.1007/s12574-025-00703-0,      ,        ,         , JP
10.1007/s00270-024-03956-x,      ,        ,         , US
10.1007/s00270-024-03956-x,      ,        ,         , GB
10.1007/s00270-024-03956-x,      ,        ,         , NL
10.1007/s00270-024-03956-x,      ,        ,         , FR
10.1007/s10567-025-00519-5,      ,        ,         , AU
10.1007/s10143-025-03793-7,      ,        ,         , US
10.1007/s40290-024-00536-9,      ,        ,         , DE
10.1007/s00431-024-05925-5,      ,        ,         , SE
10.1007/s00431-024-05925-5,      ,        ,         , GB
10.1007/s00431-024-05925-5,      ,        ,         , IT
10.1007/s00431-024-05925-5,      ,        ,         , JP
10.1007/s00405-024-09148-0,      ,        ,         , US
10.1007/s10639-024-13209-6,      ,        ,         , CN
10.1007/s43681-024-00642-z,      ,        ,         , US
10.1007/s10961-024-10165-8,      ,        ,         , ES
10.1007/s41060-024-00615-9,      ,        ,         , AU
10.1007/s10508-025-03100-x,      ,        ,         , IL
10.1007/s13278-024-01382-y,      ,        ,         , ES
10.1007/s10853-023-08315-8,      ,        ,         , KR
10.1007/s00464-025-11685-6,      ,        ,         , GB
10.1007/s00464-025-11685-6,      ,        ,         , DE
10.1007/s00464-025-11685-6,      ,        ,         , GB
10.1007/s00464-025-11685-6,      ,        ,         , DE
10.1007/s10729-025-09725-7,      ,        ,         , US
10.1007/s00146-025-02592-4,      ,        ,         , ES
10.1007/s40820-025-01797-y,      ,        ,         , CN
10.1007/s00066-024-02277-9,      ,        ,         , DE
10.1007/s12021-024-09692-4,      ,        ,         , US
10.1007/s11845-023-03570-9,      ,        ,         , IN
10.1007/s00296-024-05756-5,      ,        ,         , IN
10.1007/s00296-024-05756-5,      ,        ,         , GB
10.1007/s00296-024-05756-5,      ,        ,         , CA
10.1007/s00296-024-05756-5,      ,        ,         , IT
10.1007/s44373-025-00042-w,      ,        ,         , IN
10.1007/s42791-024-00068-y,      ,        ,         , KR
10.1007/s11845-024-03680-y,      ,        ,         , US
10.1007/s11845-024-03680-y,      ,        ,         , GB
10.1007/s11548-024-03071-9,      ,        ,         , GB
10.1007/s00376-024-3305-9 ,      ,        ,         , KR
10.1007/s00376-024-3305-9 ,      ,        ,         , CN
10.1007/s42791-023-00057-7,      ,        ,         , KR
10.1007/s10639-025-13448-1,      ,        ,         , CN
10.1007/s00521-024-10555-x,      ,        ,         , PL
10.1007/s11845-024-03680-y,      ,        ,         , US
10.1007/s11845-024-03680-y,      ,        ,         , GB
10.1007/s41686-024-00097-9,      ,        ,         , PT
10.1007/s11423-024-10366-w,      ,        ,         , HK
10.1007/s10758-024-09780-z,      ,        ,         , AU
10.1007/s12178-025-09961-y,      ,        ,         , US
10.1007/s12178-025-09961-y,      ,        ,         , IR
10.1007/s40979-023-00131-6,      ,        ,         , GB
10.1007/s00122-025-04942-8,      ,        ,         , US
10.1007/s00122-025-04942-8,      ,        ,         , ES
10.1007/s11783-024-1918-y ,      ,        ,         , CN
10.1007/s00500-025-10702-z,      ,        ,         , SA
10.1007/s10978-024-09401-9,      ,        ,         , HK
10.1007/s12178-025-09961-y,      ,        ,         , US
10.1007/s12178-025-09961-y,      ,        ,         , IR
10.1007/s40979-023-00131-6,      ,        ,         , GB
10.1007/s10978-024-09401-9,      ,        ,         , HK
10.1007/s40123-024-00981-4,      ,        ,         , CN
10.1007/s00500-025-10702-z,      ,        ,         , SA
10.1007/s42768-025-00246-1,      ,        ,         , CN
10.1007/s42768-025-00246-1,      ,        ,         , LK
10.1007/s43681-024-00546-y,      ,        ,         , US
10.1007/s44217-024-00214-7,      ,        ,         , ZA
10.1007/s10758-024-09747-0,      ,        ,         , JP
10.1007/s10758-024-09747-0,      ,        ,         , IE
10.1007/s10758-024-09747-0,      ,        ,         , DE
10.1007/s10758-024-09747-0,      ,        ,         , IT
10.1007/s10758-024-09747-0,      ,        ,         , NL
10.1007/s42768-025-00246-1,      ,        ,         , CN
10.1007/s42768-025-00246-1,      ,        ,         , LK
10.1007/s11423-024-10406-5,      ,        ,         , IL
10.1007/s10639-023-12441-w,      ,        ,         , ES
10.1007/s10639-023-12441-w,      ,        ,         , CH
10.1007/s10956-024-10192-y,      ,        ,         , TR
10.1007/s10639-025-13716-0,      ,        ,         , MO
10.1007/s10639-025-13716-0,      ,        ,         , CN
10.1007/s10639-025-13716-0,      ,        ,         , HK
10.1007/s10798-024-09888-4,      ,        ,         , KR
10.1007/s11423-024-10400-x,      ,        ,         , US
10.1007/s10798-024-09954-x,      ,        ,         , CN
10.1007/s10639-023-12406-z,      ,        ,         , US
10.1007/s10639-025-13745-9,      ,        ,         , HK
10.1007/s10643-024-01694-w,      ,        ,         , HK
10.1007/s10639-024-12644-9,      ,        ,         , HK
10.1007/s10639-024-12583-5,      ,        ,         , TR
10.1007/s10639-024-13115-x,      ,        ,         , CN
10.1007/s10639-024-13179-9,      ,        ,         , CN
10.1007/s10956-024-10130-y,      ,        ,         , TR
10.1007/s42087-024-00463-w,      ,        ,         , US
10.1007/s10639-024-13116-w,      ,        ,         , TW
10.1007/s10758-025-09833-x,      ,        ,         , CH
10.1007/s10758-025-09906-x,      ,        ,         , GR
10.1007/s41979-024-00117-0,      ,        ,         , US
10.1007/s10956-024-10185-x,      ,        ,         , US
10.1007/s10639-025-13386-y,      ,        ,         , US
10.1007/s10639-025-13386-y,      ,        ,         , FI
10.1007/s10956-024-10185-x,      ,        ,         , US
10.1007/s10639-025-13386-y,      ,        ,         , US
10.1007/s10639-025-13386-y,      ,        ,         , FI
10.1007/s10639-023-12415-y,      ,        ,         , CN
10.1007/s44217-025-00834-7,      ,        ,         , ID
10.1007/s10758-025-09826-w,      ,        ,         , US
10.1007/s11219-024-09700-5,      ,        ,         , IT
10.1007/s10639-024-13100-4,      ,        ,         , CN
10.1007/s10639-024-13253-2,      ,        ,         , KR
10.1007/s10643-024-01825-3,      ,        ,         , US
10.1007/s10639-024-13192-y,      ,        ,         , CN
10.1007/s10639-023-12380-6,      ,        ,         , NG
10.1007/s10763-024-10465-3,      ,        ,         , DE
10.1007/s10639-024-13104-0,      ,        ,         , KR
10.1007/s10956-024-10095-y,      ,        ,         , US
10.1007/s10639-023-12052-5,      ,        ,         , TR
10.1007/s10639-024-12744-6,      ,        ,         , CA
10.1007/s10643-024-01728-3,      ,        ,         , US
10.1007/s10643-024-01728-3,      ,        ,         , TR
10.1007/s10639-023-12392-2,      ,        ,         , CN
10.1007/s10846-024-02082-7,      ,        ,         , BR
10.1007/s40299-024-00858-x,      ,        ,         , CN
10.1007/s10758-024-09765-y,      ,        ,         , US
10.1007/s10758-024-09765-y,      ,        ,         , FI
10.1007/s10639-023-11806-5,      ,        ,         , KZ
10.1007/s11423-024-10397-3,      ,        ,         , IN
10.1007/s10639-024-12522-4,      ,        ,         , BE
10.1007/s10639-024-12522-4,      ,        ,         , CN
10.1007/s10639-024-12872-z,      ,        ,         , CN
10.1007/s10956-023-10089-2,      ,        ,         , US
10.1007/s10956-023-10089-2,      ,        ,         , TR
10.1007/s10956-023-10089-2,      ,        ,         , US
10.1007/s10956-023-10089-2,      ,        ,         , TR
10.1007/s40692-023-00284-w,      ,        ,         , IN
10.1007/s10763-023-10426-2,      ,        ,         , US
10.1007/s10639-022-11385-x,      ,        ,         , TR
10.1007/s13384-024-00785-2,      ,        ,         , AU
10.1007/s10639-023-11974-4,      ,        ,         , US
10.1007/s10639-023-11974-4,      ,        ,         , GB
10.1007/s10639-023-11974-4,      ,        ,         , TR
10.1007/s12564-023-09905-6,      ,        ,         , ES
10.1007/s10639-023-12313-3,      ,        ,         , TW
10.1007/s10639-023-11671-2,      ,        ,         , TW
10.1007/s10639-023-11671-2,      ,        ,         , CN
10.1007/s11528-023-00907-0,      ,        ,         , US
10.1007/s10639-024-12597-z,      ,        ,         , MO
10.1007/s10639-024-12597-z,      ,        ,         , CN
10.1007/s10643-023-01581-w,      ,        ,         , US
10.1007/s42330-023-00267-0,      ,        ,         , US
10.1007/s42330-023-00267-0,      ,        ,         , CA
10.1007/s10956-023-10052-1,      ,        ,         , IN
10.1007/s10639-023-12051-6,      ,        ,         , ES
10.1007/s10639-024-12922-6,      ,        ,         , HK
10.1007/s10639-023-12029-4,      ,        ,         , CN
10.1007/s13384-024-00762-9,      ,        ,         , AU
10.1007/s40751-024-00141-0,      ,        ,         , NL
10.1007/s11423-022-10182-0,      ,        ,         , US
10.1007/s11423-023-10328-8,      ,        ,         , HK
10.1007/s11423-023-10328-8,      ,        ,         , CN
10.1007/s10956-022-09989-6,      ,        ,         , US
10.1007/s10639-024-13088-x,      ,        ,         , SA
10.1007/s10639-023-12325-z,      ,        ,         , CN
10.1007/s10639-023-12103-x,      ,        ,         , TR
10.1007/s10639-023-11618-7,      ,        ,         , CN
10.1007/s10639-023-12181-x,      ,        ,         , CN
10.1007/s10956-022-10004-1,      ,        ,         , US
10.1007/s10639-024-12655-6,      ,        ,         , CN
10.1007/s40751-023-00126-5,      ,        ,         , NL
10.1007/s10639-024-12492-7,      ,        ,         , TR
10.1007/s10639-022-11505-7,      ,        ,         , TR
10.1007/s40751-024-00135-y,      ,        ,         , TR
10.1007/s10639-023-11843-0,      ,        ,         , ES
10.1007/s10639-023-11843-0,      ,        ,         , CL
10.1007/s11423-023-10312-2,      ,        ,         , CN
10.1007/s10639-022-11454-1,      ,        ,         , US
10.1007/s10639-024-12661-8,      ,        ,         , TW
10.1007/s10758-025-09886-y,      ,        ,         , US
10.1007/s10758-022-09636-4,      ,        ,         , US
10.1007/s10639-023-12153-1,      ,        ,         , TR
10.1007/s10639-023-12093-w,      ,        ,         , ID
10.1007/s11423-023-10191-7,      ,        ,         , CN
10.1007/s11858-023-01509-z,      ,        ,         , HK
10.1007/s10763-023-10419-1,      ,        ,         , SG
10.1007/s10763-023-10419-1,      ,        ,         , CN
10.1007/s10763-023-10419-1,      ,        ,         , HK
10.1007/s10763-023-10419-1,      ,        ,         , CA
10.1007/s10763-023-10419-1,      ,        ,         , MY
10.1007/s11528-022-00766-1,      ,        ,         , US
10.1007/s11528-023-00841-1,      ,        ,         , US
10.1007/s10212-022-00651-8,      ,        ,         , TR
10.1007/s11423-023-10231-2,      ,        ,         , HK
10.1007/s11251-022-09590-9,      ,        ,         , US
10.1007/s10643-023-01475-x,      ,        ,         , CN
10.1007/s41979-023-00100-1,      ,        ,         , US
10.1007/s10639-023-11777-7,      ,        ,         , CN
10.1007/s10639-022-11189-z,      ,        ,         , CN
10.1007/s11423-024-10429-y,      ,        ,         , TW
10.1007/s10758-022-09606-w,      ,        ,         , US
10.1007/s10639-023-12022-x,      ,        ,         , CN
10.1007/s10639-023-11956-6,      ,        ,         , NL
10.1007/s10639-023-11956-6,      ,        ,         , NL
10.1007/s11191-022-00392-6,      ,        ,         , CN
10.1007/s10639-023-11642-7,      ,        ,         , CA
10.1007/s41979-023-00097-7,      ,        ,         , HK
10.1007/s10639-023-11583-1,      ,        ,         , TR
10.1007/s10639-022-11445-2,      ,        ,         , CN
10.1007/s10639-022-11355-3,      ,        ,         , US
10.1007/s12304-024-09565-y,      ,        ,         , SE
10.1007/s10639-022-11508-4,      ,        ,         , US
10.1007/s44217-022-00015-w,      ,        ,         , US
10.1007/s10857-022-09562-3,      ,        ,         , US
10.1007/s10956-023-10045-0,      ,        ,         , US
10.1007/s10639-024-13131-x,      ,        ,         , KR
10.1007/s10639-022-11465-y,      ,        ,         , GR
10.1007/s44322-025-00041-0,      ,        ,         , ZA
10.1007/s44322-025-00041-0,      ,        ,         , LS
10.1007/s44322-025-00041-0,      ,        ,         , NG
10.1007/s43545-023-00633-7,      ,        ,         , ID
10.1007/s10639-023-11787-5,      ,        ,         , HK
10.1007/s10639-023-11787-5,      ,        ,         , CN
10.1007/s10639-023-11983-3,      ,        ,         , LU
10.1007/s40489-023-00369-3,      ,        ,         , AT
10.1007/s10639-022-11425-6,      ,        ,         , TR
10.1007/s10639-023-11807-4,      ,        ,         , CN
10.1007/s10639-022-11527-1,      ,        ,         , TW
10.1007/s10639-022-11527-1,      ,        ,         , CN
10.1007/s10639-023-11634-7,      ,        ,         , TW
10.1007/s10639-023-11634-7,      ,        ,         , CN
10.1007/s11528-022-00695-z,      ,        ,         , US
10.1007/s10639-024-12448-x,      ,        ,         , CN
10.1007/s10639-024-12448-x,      ,        ,         , HK
10.1007/s10639-022-11366-0,      ,        ,         , GR
10.1007/s10639-022-10921-z,      ,        ,         , FR
10.1007/s10639-022-10921-z,      ,        ,         , AU
10.1007/s10639-022-10921-z,      ,        ,         , DE
10.1007/s13218-022-00756-8,      ,        ,         , DK
10.1007/s13218-022-00756-8,      ,        ,         , DK
10.1007/s10758-022-09629-3,      ,        ,         , TR
10.1007/s10956-024-10142-8,      ,        ,         , ES
10.1007/s13218-021-00751-5,      ,        ,         , NO
10.1007/s13218-021-00751-5,      ,        ,         , US
10.1007/s13218-021-00751-5,      ,        ,         , DK
10.1007/s10639-022-11518-2,      ,        ,         , CN
10.1007/s40692-022-00236-w,      ,        ,         , NL
10.1007/s10956-022-09965-0,      ,        ,         , US
10.1007/s10639-022-11342-8,      ,        ,         , TR
10.1007/s40692-022-00236-w,      ,        ,         , NL
10.1007/s10639-022-11078-5,      ,        ,         , TR
10.1007/s10643-022-01319-0,      ,        ,         , US
10.1007/s41979-022-00077-3,      ,        ,         , US
10.1007/s10758-021-09587-2,      ,        ,         , ES
10.1007/s10758-021-09587-2,      ,        ,         , CH
10.1007/s11251-022-09585-6,      ,        ,         , TR
10.1007/s10339-025-01273-w,      ,        ,         , JP
10.1007/s10339-025-01273-w,      ,        ,         , US
10.1007/s10339-025-01273-w,      ,        ,         , MX
10.1007/s11528-022-00729-6,      ,        ,         , US
10.1007/s12144-024-06795-8,      ,        ,         , IT
10.1007/s10763-024-10493-z,      ,        ,         , CY
10.1007/s10639-022-11101-9,      ,        ,         , HK
10.1007/s10639-024-12966-8,      ,        ,         , CN
10.1007/s10639-022-11325-9,      ,        ,         , TR
10.1007/s44206-024-00103-4,      ,        ,         , IT
10.1007/s10758-022-09601-1,      ,        ,         , US
10.1007/s10639-022-11137-x,      ,        ,         , KR
10.1007/s10648-024-09911-z,      ,        ,         , US
10.1007/s10956-024-10149-1,      ,        ,         , GR
10.1007/s10956-024-10149-1,      ,        ,         , CY
10.1007/s10763-024-10511-0,      ,        ,         , TW
10.1007/s10639-023-12316-0,      ,        ,         , US
10.1007/s10639-023-12316-0,      ,        ,         , MX
10.1007/s10956-022-09967-y,      ,        ,         , CN
10.1007/s40593-022-00316-z,      ,        ,         , DE
10.1007/s13218-021-00750-6,      ,        ,         , NO
10.1007/s10649-023-10275-4,      ,        ,         , AU
10.1007/s10639-023-12084-x,      ,        ,         , TH
10.1007/s10639-023-12084-x,      ,        ,         , TW
10.1007/s10763-023-10428-0,      ,        ,         , SG
10.1007/s10763-023-10428-0,      ,        ,         , CN
10.1007/s10763-023-10428-0,      ,        ,         , HK
10.1007/s10763-023-10428-0,      ,        ,         , CA
10.1007/s10763-023-10428-0,      ,        ,         , MY
10.1007/s12528-021-09305-y,      ,        ,         , CA
10.1007/s10639-023-11880-9,      ,        ,         , HK
10.1007/s42438-025-00585-6,      ,        ,         , BE
10.1007/s42438-025-00585-6,      ,        ,         , DE
10.1007/s42438-025-00585-6,      ,        ,         , CH
10.1007/s10956-025-10215-2,      ,        ,         , TR
10.1007/s10639-024-12600-7,      ,        ,         , TR
10.1007/s10639-021-10870-z,      ,        ,         , TH
10.1007/s42438-024-00456-6,      ,        ,         , AU
10.1007/s13218-021-00753-3,      ,        ,         , DK
10.1007/s10639-023-11930-2,      ,        ,         , TW
10.1007/s10639-023-11930-2,      ,        ,         , CN
10.1007/s43621-025-00987-3,      ,        ,         , GB
10.1007/s11059-024-00743-y,      ,        ,         , FR
10.1007/s00267-024-02035-8,      ,        ,         , TR
10.1007/s00267-024-02035-8,      ,        ,         , FI
10.1007/s00267-024-02035-8,      ,        ,         , ES
10.1007/s00267-024-02035-8,      ,        ,         , KW
10.1007/s00267-024-02035-8,      ,        ,         , CZ
10.1007/s00267-024-02035-8,      ,        ,         , BR
10.1007/s00267-024-02035-8,      ,        ,         , DE
10.1007/s00267-024-02035-8,      ,        ,         , IT
10.1007/s00267-024-02035-8,      ,        ,         , GB
10.1007/s10798-024-09916-3,      ,        ,         , GR
10.1007/s11423-022-10093-0,      ,        ,         , CN
10.1007/s11423-022-10093-0,      ,        ,         , SG
10.1007/s11423-022-10145-5,      ,        ,         , US
10.1007/s10606-025-09527-z,      ,        ,         , SE
10.1007/s10606-025-09527-z,      ,        ,         , DE
10.1007/s40751-022-00102-5,      ,        ,         , NO
10.1007/s10956-023-10072-x,      ,        ,         , US
10.1007/s10956-023-10072-x,      ,        ,         , IL
10.1007/s10956-023-10049-w,      ,        ,         , US
10.1007/s10763-025-10613-3,      ,        ,         , CN
10.1007/s10758-021-09585-4,      ,        ,         , TR
10.1007/s11098-023-02017-2,      ,        ,         , US
10.1007/s10639-022-11181-7,      ,        ,         , HK
10.1007/s43681-025-00810-9,      ,        ,         , US
10.1007/s11528-022-00735-8,      ,        ,         , IE
10.1007/s10763-021-10227-5,      ,        ,         , US
10.1007/s10639-022-10992-y,      ,        ,         , TR
10.1007/s42087-024-00423-4,      ,        ,         , US
10.1007/s42087-024-00423-4,      ,        ,         , IT
10.1007/s10639-022-11002-x,      ,        ,         , TR
10.1007/s10649-024-10303-x,      ,        ,         , AU
10.1007/s10649-024-10303-x,      ,        ,         , AU
10.1007/s42438-024-00510-3,      ,        ,         , SE
10.1007/s42438-024-00510-3,      ,        ,         , BE
10.1007/s42438-024-00510-3,      ,        ,         , ZA
10.1007/s42438-024-00510-3,      ,        ,         , GR
10.1007/s42438-024-00510-3,      ,        ,         , US
10.1007/s42438-024-00510-3,      ,        ,         , JP
10.1007/s42438-024-00510-3,      ,        ,         , EC
10.1007/s42438-024-00510-3,      ,        ,         , IE
10.1007/s42438-024-00510-3,      ,        ,         , AU
10.1007/s42438-024-00510-3,      ,        ,         , EG
10.1007/s42438-024-00510-3,      ,        ,         , NL
10.1007/s42438-024-00510-3,      ,        ,         , GB
10.1007/s42438-024-00510-3,      ,        ,         , CA
10.1007/s42438-024-00510-3,      ,        ,         , IL
10.1007/s12144-021-02085-9,      ,        ,         , CN
10.1007/s10956-023-10047-y,      ,        ,         , US
10.1007/s10956-023-10047-y,      ,        ,         , DE
10.1007/s13218-022-00754-w,      ,        ,         , NO
10.1007/s13218-022-00754-w,      ,        ,         , US
10.1007/s43683-024-00151-9,      ,        ,         , US
10.1007/s00146-023-01810-1,      ,        ,         , JP
10.1007/s00146-023-01810-1,      ,        ,         , DE
10.1007/s11423-021-10021-8,      ,        ,         , JP
10.1007/s11423-021-10021-8,      ,        ,         , CN
10.1007/s10639-021-10700-2,      ,        ,         , TR
10.1007/s40692-024-00321-2,      ,        ,         , IN
10.1007/s10763-024-10509-8,      ,        ,         , KR
10.1007/s10648-023-09754-0,      ,        ,         , US
10.1007/s40692-021-00207-7,      ,        ,         , HK
10.1007/s11457-025-09470-6,      ,        ,         , US
10.1007/s11457-025-09470-6,      ,        ,         , GB
10.1007/s11457-025-09470-6,      ,        ,         , MQ
10.1007/s10639-023-11629-4,      ,        ,         , TR
10.1007/s11423-022-10097-w,      ,        ,         , US
10.1007/s10639-023-12037-4,      ,        ,         , CN
10.1007/s11858-023-01474-7,      ,        ,         , AU
10.1007/s10649-023-10218-z,      ,        ,         , CY
10.1007/s10649-023-10218-z,      ,        ,         , CY
10.1007/s10956-021-09934-z,      ,        ,         , TR
10.1007/s10649-023-10237-w,      ,        ,         , US
10.1007/s10649-023-10237-w,      ,        ,         , CN
10.1007/s10639-021-10667-0,      ,        ,         , BR
10.1007/s11423-021-10035-2,      ,        ,         , KR
10.1007/s10639-024-12754-4,      ,        ,         , TW
10.1007/s10639-022-10915-x,      ,        ,         , CN
10.1007/s13394-023-00462-0,      ,        ,         , AU
10.1007/s10639-021-10578-0,      ,        ,         , NL
10.1007/s11098-023-01984-w,      ,        ,         , US
10.1007/s10758-022-09593-y,      ,        ,         , TR
10.1007/s40692-021-00190-z,      ,        ,         , CN
10.1007/s11357-023-00802-9,      ,        ,         , IE
10.1007/s11357-023-00802-9,      ,        ,         , TW
10.1007/s11357-023-00802-9,      ,        ,         , NL
10.1007/s11251-023-09624-w,      ,        ,         , IL
10.1007/s13218-021-00752-4,      ,        ,         , DK
10.1007/s11858-022-01374-2,      ,        ,         , US
10.1007/s13278-025-01428-9,      ,        ,         , US
10.1007/s13278-025-01428-9,      ,        ,         , AU
10.1007/s11858-022-01402-1,      ,        ,         , LU
10.1007/s11858-022-01402-1,      ,        ,         , BE
10.1007/s11191-024-00539-7,      ,        ,         , CL
10.1007/s10639-023-11975-3,      ,        ,         , TR
10.1007/s11423-021-10016-5,      ,        ,         , US
10.1007/s11423-021-10016-5,      ,        ,         , CN
10.1007/s10639-021-10765-z,      ,        ,         , US
10.1007/s41979-021-00058-y,      ,        ,         , US
10.1007/s10643-021-01236-8,      ,        ,         , GB
10.1007/s10528-024-10799-1,      ,        ,         , IR
10.1007/s11225-024-10165-7,      ,        ,         , IT
10.1007/s10758-021-09565-8,      ,        ,         , TR
10.1007/s10639-021-10787-7,      ,        ,         , US
10.1007/s11191-023-00438-3,      ,        ,         , CN
10.1007/s11858-022-01435-6,      ,        ,         , CA
10.1007/s12152-024-09551-8,      ,        ,         , US
10.1007/s12152-024-09551-8,      ,        ,         , AR
10.1007/s00426-024-02008-w,      ,        ,         , US
10.1007/s10845-023-02246-6,      ,        ,         , GB
10.1007/s10845-023-02246-6,      ,        ,         , AU
10.1007/s10845-023-02246-6,      ,        ,         , CN
10.1007/s00146-024-02152-2,      ,        ,         , GB
10.1007/s10798-023-09853-7,      ,        ,         , US
10.1007/s10643-021-01188-z,      ,        ,         , US
10.1007/s10643-021-01188-z,      ,        ,         , CA
10.1007/s10462-024-10732-3,      ,        ,         , SE
10.1007/s10798-023-09810-4,      ,        ,         , CN
10.1007/s11229-023-04482-y,      ,        ,         , CL
10.1007/s10639-022-11522-6,      ,        ,         , HK
10.1007/s10639-021-10626-9,      ,        ,         , US
10.1007/s10639-021-10626-9,      ,        ,         , TR
10.1007/s44223-024-00057-0,      ,        ,         , CN
10.1007/s10798-021-09679-1,      ,        ,         , ES
10.1007/s11423-023-10212-5,      ,        ,         , CN
10.1007/s41979-023-00087-9,      ,        ,         , DE
10.1007/s41979-023-00087-9,      ,        ,         , IL
10.1007/s41979-023-00087-9,      ,        ,         , TR
10.1007/s12264-024-01246-7,      ,        ,         , CN
10.1007/s00266-024-03910-9,      ,        ,         , GB
10.1007/s40314-024-02720-8,      ,        ,         , GB
10.1007/s40314-024-02720-8,      ,        ,         , BR
10.1007/s42044-023-00158-5,      ,        ,         , NG
10.1007/s10816-023-09603-y,      ,        ,         , DK
10.1007/s40656-023-00560-z,      ,        ,         , FR
10.1007/s40656-023-00560-z,      ,        ,         , IT
10.1007/s40751-023-00131-8,      ,        ,         , GR
10.1007/s10956-023-10062-z,      ,        ,         , US
10.1007/s10639-024-12550-0,      ,        ,         , US
10.1007/s10639-024-12550-0,      ,        ,         , CN
10.1007/s13534-024-00407-x,      ,        ,         , KR
10.1007/s11023-023-09638-w,      ,        ,         , DE
10.1007/s11023-023-09638-w,      ,        ,         , CH
10.1007/s11023-023-09652-y,      ,        ,         , FR
10.1007/s10311-024-01700-y,      ,        ,         , JP
10.1007/s10311-024-01700-y,      ,        ,         , OM
10.1007/s10311-024-01700-y,      ,        ,         , GB
10.1007/s10311-024-01700-y,      ,        ,         , EG
10.1007/s10758-021-09529-y,      ,        ,         , TR
10.1007/s40593-024-00446-6,      ,        ,         , US
10.1007/s11858-022-01419-6,      ,        ,         , DE
10.1007/s11229-022-03481-9,      ,        ,         , DE
10.1007/s44150-023-00094-9,      ,        ,         , SI
10.1007/s43995-025-00219-9,      ,        ,         , GB
10.1007/s11196-025-10361-1,      ,        ,         , HK
10.1007/s13218-022-00759-5,      ,        ,         , NO
10.1007/s13218-022-00759-5,      ,        ,         , US
10.1007/s10639-024-13092-1,      ,        ,         , ES
10.1007/s11831-023-10033-y,      ,        ,         , ES
10.1007/s11831-023-10033-y,      ,        ,         , FR
10.1007/s11423-021-10031-6,      ,        ,         , US
10.1007/s11423-021-10031-6,      ,        ,         , TR
10.1007/s44223-022-00015-8,      ,        ,         , DK
10.1007/s10291-023-01407-7,      ,        ,         , CN
10.1007/s10291-023-01407-7,      ,        ,         , CN
10.1007/s11191-020-00141-7,      ,        ,         , US
10.1007/s10518-022-01557-y,      ,        ,         , CN
10.1007/s10518-022-01557-y,      ,        ,         , HK
10.1007/s12559-023-10140-9,      ,        ,         , DE
10.1007/s10639-024-12502-8,      ,        ,         , TW
10.1007/s10639-024-12502-8,      ,        ,         , ET
10.1007/s10956-020-09892-y,      ,        ,         , TR
10.1007/s44217-025-00802-1,      ,        ,         , IN
10.1007/s41979-020-00044-w,      ,        ,         , US
10.1007/s41979-020-00044-w,      ,        ,         , AU
10.1007/s11023-023-09630-4,      ,        ,         , FR
10.1007/s44267-023-00007-w,      ,        ,         , CN
10.1007/s11097-023-09895-1,      ,        ,         , GB
10.1007/s10639-021-10515-1,      ,        ,         , SE
10.1007/s10639-021-10515-1,      ,        ,         , KR
10.1007/s10639-021-10515-1,      ,        ,         , FI
10.1007/s00894-023-05815-x,      ,        ,         , EG
10.1007/s00894-023-05815-x,      ,        ,         , IQ
10.1007/s11412-023-09388-y,      ,        ,         , PT
10.1007/s11412-023-09388-y,      ,        ,         , CL
10.1007/s40687-022-00320-8,      ,        ,         , US
10.1007/s10798-023-09809-x,      ,        ,         , CN
10.1007/s10339-022-01091-4,      ,        ,         , IT
10.1007/s10639-022-10893-0,      ,        ,         , TR
10.1007/s11423-020-09832-y,      ,        ,         , US
10.1007/s11423-020-09832-y,      ,        ,         , US
10.1007/s10639-021-10487-2,      ,        ,         , US
10.1007/s00004-024-00778-9,      ,        ,         , TR
10.1007/s40692-024-00317-y,      ,        ,         , CN
10.1007/s42803-023-00068-9,      ,        ,         , GB
10.1007/s41979-020-00030-2,      ,        ,         , US
10.1007/s41979-020-00030-2,      ,        ,         , AU
10.1007/s11049-023-09578-1,      ,        ,         , US
10.1007/s11049-023-09578-1,      ,        ,         , NL
10.1007/s43683-022-00084-1,      ,        ,         , US
10.1007/s00004-022-00603-1,      ,        ,         , PL
10.1007/s11356-023-26300-1,      ,        ,         , AU
10.1007/s41297-020-00117-1,      ,        ,         , AU
10.1007/s10896-023-00517-7,      ,        ,         , GB
10.1007/s00146-022-01500-4,      ,        ,         , FI
10.1007/s13132-022-00954-7,      ,        ,         , IN
10.1007/s13132-022-00954-7,      ,        ,         , IN
10.1007/s10896-023-00517-7,      ,        ,         , GB
10.1007/s13347-023-00623-w,      ,        ,         , US
10.1007/s40753-022-00170-3,      ,        ,         , US
10.1007/s00500-022-06786-6,      ,        ,         , CN
10.1007/s11423-022-10184-y,      ,        ,         , TW
10.1007/s11423-022-10184-y,      ,        ,         , HK
10.1007/s12144-021-02398-9,      ,        ,         , CN
10.1007/s12144-021-02398-9,      ,        ,         , HK
10.1007/s00500-022-06786-6,      ,        ,         , CN
10.1007/s11423-022-10184-y,      ,        ,         , TW
10.1007/s11423-022-10184-y,      ,        ,         , HK
10.1007/s11423-021-10034-3,      ,        ,         , US
10.1007/s42001-025-00360-4,      ,        ,         , GB
10.1007/s11759-024-09498-5,      ,        ,         , IL
10.1007/s10956-020-09871-3,      ,        ,         , US
10.1007/s40692-020-00178-1,      ,        ,         , TR
10.1007/s11423-023-10323-z,      ,        ,         , TW
10.1007/s10798-020-09562-5,      ,        ,         , US
10.1007/s40692-020-00177-2,      ,        ,         , MY
10.1007/s40692-020-00177-2,      ,        ,         , SG
10.1007/s11858-022-01337-7,      ,        ,         , US
10.1007/s10639-023-11825-2,      ,        ,         , IR
10.1007/s10956-021-09950-z,      ,        ,         , TR
10.1007/s00146-022-01485-0,      ,        ,         , VN
10.1007/s10956-024-10145-5,      ,        ,         , NO
10.1007/s10956-024-10145-5,      ,        ,         , NO
10.1007/s12144-024-05865-1,      ,        ,         , CN
10.1007/s10956-021-09938-9,      ,        ,         , US
10.1007/s10489-022-04311-8,      ,        ,         , DK
10.1007/s43545-022-00325-8,      ,        ,         , ID
10.1007/s11191-021-00268-1,      ,        ,         , IT
