source,target,distance
entry_1,entry_1,0
Kim2024,Kim2024,0
Thida2025,Thida2025,0
Ru2025,Ru2025,0
Chen2024,Chen2024,0
Zhu2025,Zhu2025,0
Vishnumolakala2024,Vishnumolakala2024,0
Zhao2024,Zhao2024,0
Sandu2025,Sandu2025,0
Xia2025,Xia2025,0
Jiao2025,Jiao2025,0
Guo2021,Guo2021,0
Davlatova2025,Davlatova2025,0
Schimanke2024,Schimanke2024,0
Dewan2025,Dewan2025,0
Contreras2024,Contreras2024,0
Hong2021,Hong2021,0
Ciampi2025,Ciampi2025,0
Huang2024,Huang2024,0
Zhang2025,Zhang2025,0
Yang2025,Yang2025,0
GuillnYparrea2024,GuillnYparrea2024,0
Li2025,Li2025,0
Xu2024,Xu2024,0
Lo2024,Lo2024,0
Christou2024,Christou2024,0
Zhang2009,Zhang2009,0
Xue2020,Xue2020,0
McMaster2010,McMaster2010,0
Saenboonsong2024,Saenboonsong2024,0
Handayani2022,Handayani2022,0
Wang2023,Wang2023,0
Liao2017,Liao2017,0
Zhou2023,Zhou2023,0
Koh2014,Koh2014,0
Miller2013,Miller2013,0
Vlahovi2023,Vlahovi2023,0
Liu2022,Liu2022,0
Ahmadi2012,Ahmadi2012,0
Chen2021,Chen2021,0
Swaid2019,Swaid2019,0
Yu2019,Yu2019,0
Liu2014,Liu2014,0
Repenning2016,Repenning2016,0
Dehbozorgi2024,Dehbozorgi2024,0
Zhao2022,Zhao2022,0
Nakamura2019,Nakamura2019,0
Stella2021,Stella2021,0
Karaka2020,Karaka2020,0
Deng2009,Deng2009,0
AbdelRahem2025,AbdelRahem2025,0
Qi2025,Qi2025,0
Wong2025,Wong2025,0
Hurbans2020,Hurbans2020,0
MoralesChan2024,MoralesChan2024,0
Misra2023,Misra2023,0
Han2025,Han2025,0
Li2024,Li2024,0
Ning2024,Ning2024,0
Joskowicz2024,Joskowicz2024,0
MoranoOkuno2024,MoranoOkuno2024,0
Leong2025,Leong2025,0
Desconocido2024,Desconocido2024,0
Qian2024,Qian2024,0
Lin2025,Lin2025,0
Zheng2025,Zheng2025,0
MuozMandujano2023,MuozMandujano2023,0
Hang2025,Hang2025,0
Bonde2024,Bonde2024,0
Liu2025,Liu2025,0
Kong2024,Kong2024,0
Wan2025,Wan2025,0
Basha2024,Basha2024,0
Ma2025,Ma2025,0
Rosenthal2025,Rosenthal2025,0
Filiz2025,Filiz2025,0
Chen2025,Chen2025,0
Khlaif2025,Khlaif2025,0
Singh2025,Singh2025,0
Cingillioglu2024,Cingillioglu2024,0
Memarian2024,Memarian2024,0
Mahala2025,Mahala2025,0
Krishnamoorthy2025,Krishnamoorthy2025,0
Fenta2025,Fenta2025,0
Ren2025,Ren2025,0
Zhang2024,Zhang2024,0
Kim2025,Kim2025,0
Tekin2025,Tekin2025,0
Wang2025,Wang2025,0
Sami2025,Sami2025,0
Tomeschek2024,Tomeschek2024,0
Zha2025,Zha2025,0
KohenVacs2025,KohenVacs2025,0
Lan2025,Lan2025,0
Pandey2025,Pandey2025,0
Viet2025,Viet2025,0
Casebourne2024,Casebourne2024,0
Dong2025,Dong2025,0
Xu2025,Xu2025,0
Khamis2025,Khamis2025,0
Ang2025,Ang2025,0
Wieczorek2025,Wieczorek2025,0
Mishra2025,Mishra2025,0
Viberg2024,Viberg2024,0
Daher2025,Daher2025,0
Arpaci2025,Arpaci2025,0
Duan2025,Duan2025,0
Hopson2025,Hopson2025,0
Rahman2025,Rahman2025,0
Zhou2025,Zhou2025,0
Du2025,Du2025,0
Thurzo2025,Thurzo2025,0
Bohara2024,Bohara2024,0
Wu2025,Wu2025,0
Qian2025,Qian2025,0
Meng2025,Meng2025,0
Su2024,Su2024,0
Reyes2025,Reyes2025,0
Kalim2025,Kalim2025,0
Yusoff2025,Yusoff2025,0
Bellas2024,Bellas2024,0
Berson2025,Berson2025,0
Pellesi2025,Pellesi2025,0
II2025,II2025,0
Greengrass2024,Greengrass2024,0
Altafi2024,Altafi2024,0
AlLabadi2025,AlLabadi2025,0
Maxwell2025,Maxwell2025,0
Dabis2024,Dabis2024,0
Sun2025,Sun2025,0
Zamir2025,Zamir2025,0
Usher2025,Usher2025,0
Bian2025,Bian2025,0
Rezigalla2024,Rezigalla2024,0
Black2025,Black2025,0
Campino2024,Campino2024,0
HemminkiReijonen2025,HemminkiReijonen2025,0
Yan2024,Yan2024,0
Khan2025,Khan2025,0
Abuadas2025,Abuadas2025,0
Brusilovsky2023,Brusilovsky2023,0
Biagini2025,Biagini2025,0
Wang2024,Wang2024,0
Wang2024,Bottino2024,1.4285714285714286
Wang2024,Nichelatti2025,1.4285714285714286
Wang2024,Lee2025,1.4285714285714286
Wang2024,Moghaddam2024,1.4285714285714286
Wang2024,Abbas2025,1.4285714285714286
Wang2024,Robinson2025,1.4285714285714286
Yu2025,Yu2025,0
McGrath2024,McGrath2024,0
FeldmanMaggor2024,FeldmanMaggor2024,0
Paudel2025,Paudel2025,0
Yu2024,Yu2024,0
Dixon2025,Dixon2025,0
Akolekar2025,Akolekar2025,0
Bayaga2024,Bayaga2024,0
Lund2025,Lund2025,0
Baxmann2025,Baxmann2025,0
Chugh2025,Chugh2025,0
Mulaudzi2025,Mulaudzi2025,0
Bahmani2025,Bahmani2025,0
Mouta2025,Mouta2025,0
Kohnke2025,Kohnke2025,0
Kohnke2025,Qamar2025,1.4285714285714286
Sivasakthi2025,Sivasakthi2025,0
Vukovi2024,Vukovi2024,0
Peters2024,Peters2024,0
Zhong2025,Zhong2025,0
Nygren2025,Nygren2025,0
Anik2024,Anik2024,0
Abdullah2025,Abdullah2025,0
Saarela2025,Saarela2025,0
Lee2024,Lee2024,0
Ltourneau2025,Ltourneau2025,0
Akapnar2024,Akapnar2024,0
BergerEstilita2025,BergerEstilita2025,0
Narciso2024,Narciso2024,0
Humble2024,Humble2024,0
S2025,S2025,0
Wu2024,Wu2024,0
Sarkar2025,Sarkar2025,0
Rismanchian2025,Rismanchian2025,0
Tongchai2025,Tongchai2025,0
Machidon2025,Machidon2025,0
Balkir2025,Balkir2025,0
Chance2025,Chance2025,0
Sabic2024,Sabic2024,0
Dai2024,Dai2024,0
Uckelmann2025,Uckelmann2025,0
Delcker2024,Delcker2024,0
Karimova2024,Karimova2024,0
Blahopoulou2025,Blahopoulou2025,0
Busch2024,Busch2024,0
McLean2025,McLean2025,0
He2025,He2025,0
Ursava2025,Ursava2025,0
Michalik2025,Michalik2025,0
Hong2024,Hong2024,0
Labadze2023,Labadze2023,0
Yim2024,Yim2024,0
Strzelecki2024,Strzelecki2024,0
Shen2025,Shen2025,0
Meinlschmidt2025,Meinlschmidt2025,0
Takefuji2025,Takefuji2025,0
Saqr2024,Saqr2024,0
Cheng2025,Cheng2025,0
Cheng2025,Gupta2025,1.4285714285714286
Cheng2025,Papajorgji2025,1.4285714285714286
Cheng2025,Mutambara2025,1.5740594994490793
Cheng2025,Sanmugam2025,1.6048788316482105
Cai2024,Cai2024,0
Omeh2024,Omeh2024,0
Lee2025,Lee2025,0
Lee2025,Bottino2024,1.4285714285714286
Lee2025,Nichelatti2025,1.4285714285714286
Lee2025,Wang2024,1.4285714285714286
Lee2025,Moghaddam2024,1.4285714285714286
Lee2025,Abbas2025,1.4285714285714286
Lee2025,Robinson2025,1.4285714285714286
Cheung2024,Cheung2024,0
Mantulenko2025,Mantulenko2025,0
Ouyang2023,Ouyang2023,0
Almuhanna2024,Almuhanna2024,0
Kalaitzidis2025,Kalaitzidis2025,0
Tubella2023,Tubella2023,0
Pitas2025,Pitas2025,0
Heil2025,Heil2025,0
Palmquist2025,Palmquist2025,0
Mahade2025,Mahade2025,0
Umer2025,Umer2025,0
Katona2025,Katona2025,0
Krause2025,Krause2025,0
Theodorio2024,Theodorio2024,0
Alnsour2025,Alnsour2025,0
Atchley2024,Atchley2024,0
Kuzu2025,Kuzu2025,0
Khadri2024,Khadri2024,0
MA2024,MA2024,0
Jensen2024,Jensen2024,0
Dadson2025,Dadson2025,0
Yan2025,Yan2025,0
Ferraioli2026,Ferraioli2026,0
Fathi2025,Fathi2025,0
Trajkovski2025,Trajkovski2025,0
CarrascoAguilar2026,CarrascoAguilar2026,0
Voultsiou2025,Voultsiou2025,0
Li2023,Li2023,0
Nagumo2025,Nagumo2025,0
Durgungoz2025,Durgungoz2025,0
AlZahrani2025,AlZahrani2025,0
Abdelazim2025,Abdelazim2025,0
Castells2025,Castells2025,0
Yusuf2025,Yusuf2025,0
Law2025,Law2025,0
Hennekeuser2024,Hennekeuser2024,0
Coelho2025,Coelho2025,0
Shahzad2025,Shahzad2025,0
Zheng2024,Zheng2024,0
Semenov2024,Semenov2024,0
Kitaguchi2024,Kitaguchi2024,0
Memarian2023,Memarian2023,0
Cai2025,Cai2025,0
Kim2023,Kim2023,0
Alsharari2025,Alsharari2025,0
Usher2024,Usher2024,0
Zhang2023,Zhang2023,0
Chan2025,Chan2025,0
BabaciWilhite2025,BabaciWilhite2025,0
Khoshgoftar2024,Khoshgoftar2024,0
Hashemi2024,Hashemi2024,0
Hollanek2025,Hollanek2025,0
Sanders2024,Sanders2024,0
Chanda2025,Chanda2025,0
Velsquez2025,Velsquez2025,0
Okamoto2025,Okamoto2025,0
Bulut2025,Bulut2025,0
Ha2025,Ha2025,0
Essien2024,Essien2024,0
Letteri2025,Letteri2025,0
Clark2025,Clark2025,0
Dahri2024,Dahri2024,0
Bratovcic2025,Bratovcic2025,0
Ye2025,Ye2025,0
Ying2025,Ying2025,0
AbouKhalil2025,AbouKhalil2025,0
Saihi2024,Saihi2024,0
Malhotra2026,Malhotra2026,0
Rogerson2025,Rogerson2025,0
Tang2025,Tang2025,0
Santonocito2025,Santonocito2025,0
Buddarapu2025,Buddarapu2025,0
Dekker2024,Dekker2024,0
DaFonte2025,DaFonte2025,0
AlThani2025,AlThani2025,0
Hammood2026,Hammood2026,0
Papadakis2025,Papadakis2025,0
Yetiensoy2024,Yetiensoy2024,0
Pierrs2024,Pierrs2024,0
Pratschke2024,Pratschke2024,0
Anastasi2024,Anastasi2024,0
Veletsianos2024,Veletsianos2024,0
Lane2023,Lane2023,0
Fang2024,Fang2024,0
Lia2024,Lia2024,0
Liu2024,Liu2024,0
Alkan2025,Alkan2025,0
Habibi2025,Habibi2025,0
Tong2024,Tong2024,0
Coppi2025,Coppi2025,0
Shahzad2024,Shahzad2024,0
Bellas2025,Bellas2025,0
Almukharreq2026,Almukharreq2026,0
Manic2025,Manic2025,0
Moulin2024,Moulin2024,0
Lahby2025,Lahby2025,0
Ardila2025,Ardila2025,0
Reimann2026,Reimann2026,0
Borgnakke2025,Borgnakke2025,0
Beli2024,Beli2024,0
Kazoun2025,Kazoun2025,0
Kilianova2025,Kilianova2025,0
Toyokawa2023,Toyokawa2023,0
Gkearslan2025,Gkearslan2025,0
Bentley2025,Bentley2025,0
Chopra2025,Chopra2025,0
Saifi2025,Saifi2025,0
Kumar2025,Kumar2025,0
Wut2025,Wut2025,0
Latif2025,Latif2025,0
Moradi2025,Moradi2025,0
Oustamanolakis2025,Oustamanolakis2025,0
Hoang2025,Hoang2025,0
Niemi2024,Niemi2024,0
Paludo2025,Paludo2025,0
McKnight2024,McKnight2024,0
Marey2025,Marey2025,0
Bundgaard2025,Bundgaard2025,0
Saba2025,Saba2025,0
Chakraborty2024,Chakraborty2024,0
Martinovic2025,Martinovic2025,0
Angelis2025,Angelis2025,0
Ashwani2025,Ashwani2025,0
Vkev2025,Vkev2025,0
Sperling2023,Sperling2023,0
Luz2025,Luz2025,0
Jnior2026,Jnior2026,0
Salloum2024,Salloum2024,0
Allaymoun2024,Allaymoun2024,0
Walter2024,Walter2024,0
Sepanloo2025,Sepanloo2025,0
Zhu2024,Zhu2024,0
Yousef2025,Yousef2025,0
Um2023,Um2023,0
An2025,An2025,0
Marwah2025,Marwah2025,0
Zhao2025,Zhao2025,0
Qiu2025,Qiu2025,0
Tyagi2024,Tyagi2024,0
Maqbool2025,Maqbool2025,0
AydinGnbatar2025,AydinGnbatar2025,0
Xiao2025,Xiao2025,0
Barrot2025,Barrot2025,0
Stogiannos2025,Stogiannos2025,0
ern2024,ern2024,0
Covington2024,Covington2024,0
Edwards2025,Edwards2025,0
Bako2026,Bako2026,0
Aho2025,Aho2025,0
Erhardt2025,Erhardt2025,0
Chan2023,Chan2023,0
Azoulay2025,Azoulay2025,0
Mandal2025,Mandal2025,0
Engeness2026,Engeness2026,0
Divekar2025,Divekar2025,0
Cain2023,Cain2023,0
Tzirides2024,Tzirides2024,0
Iryna2025,Iryna2025,0
ela2025,ela2025,0
Gabriel2025,Gabriel2025,0
Allen2025,Allen2025,0
Beghetto2025,Beghetto2025,0
Sidorova2025,Sidorova2025,0
Naseri2024,Naseri2024,0
Sperling2025,Sperling2025,0
Hidalgo2024,Hidalgo2024,0
Bottrighi2025,Bottrighi2025,0
Nahar2025,Nahar2025,0
Bajahzar2024,Bajahzar2024,0
Karata2024,Karata2024,0
Cox2025,Cox2025,0
Levin2025,Levin2025,0
Aln2025,Aln2025,0
Hsu2025,Hsu2025,0
Tolis2025,Tolis2025,0
Farber2025,Farber2025,0
Chiu2025,Chiu2025,0
Sparrow2025,Sparrow2025,0
Mack2025,Mack2025,0
SioumalasChristodoulou2025,SioumalasChristodoulou2025,0
Kamali2024,Kamali2024,0
Beirovi2025,Beirovi2025,0
Huang2023,Huang2023,0
Saini2025,Saini2025,0
Watson2024,Watson2024,0
Tomczyk2025,Tomczyk2025,0
Hughes2025,Hughes2025,0
Kikutadze2025,Kikutadze2025,0
Yahchouchi2025,Yahchouchi2025,0
Taibi2025,Taibi2025,0
Akbarighatar2025,Akbarighatar2025,0
Marouf2025,Marouf2025,0
Nayak2024,Nayak2024,0
Katake2024,Katake2024,0
Ftterer2023,Ftterer2023,0
Renz2023,Renz2023,0
Kurian2025,Kurian2025,0
Estrada2026,Estrada2026,0
Hortal2025,Hortal2025,0
Retscher2024,Retscher2024,0
Kotter2025,Kotter2025,0
Mehdian2025,Mehdian2025,0
ammit2025,ammit2025,0
Elia2025,Elia2025,0
Zhuang2025,Zhuang2025,0
Elnaem2025,Elnaem2025,0
Rani2024,Rani2024,0
Fan2025,Fan2025,0
Guo2025,Guo2025,0
Xing2025,Xing2025,0
Gamberini2025,Gamberini2025,0
Kabashkin2025,Kabashkin2025,0
SnchezGmez2026,SnchezGmez2026,0
Nagpal2024,Nagpal2024,0
Tenrio2025,Tenrio2025,0
Tasneem2025,Tasneem2025,0
Singh2024,Singh2024,0
McDermott2025,McDermott2025,0
PerezAlvarez2024,PerezAlvarez2024,0
Mathew2025,Mathew2025,0
Lv2023,Lv2023,0
Chauhan2024,Chauhan2024,0
Akhmetshin2024,Akhmetshin2024,0
Fedele2025,Fedele2025,0
Dong2024,Dong2024,0
Agboola2025,Agboola2025,0
Jarry2025,Jarry2025,0
Rau2025,Rau2025,0
Meegan2025,Meegan2025,0
Naik2024,Naik2024,0
Kourkoulou2024,Kourkoulou2024,0
Garamyan2025,Garamyan2025,0
Setyaning2025,Setyaning2025,0
Bannor2025,Bannor2025,0
Mayasari2025,Mayasari2025,0
Deepshikha2025,Deepshikha2025,0
Rizvi2025,Rizvi2025,0
Islam2024,Islam2024,0
Varas2025,Varas2025,0
Duda2026,Duda2026,0
Feng2026,Feng2026,0
Pouresmaeil2025,Pouresmaeil2025,0
Chan2024,Chan2024,0
Marengo2024,Marengo2024,0
Jost2025,Jost2025,0
Huang2025,Huang2025,0
Aeni2025,Aeni2025,0
Alzubi2025,Alzubi2025,0
Romeo2025,Romeo2025,0
Por2025,Por2025,0
Iqbal2025,Iqbal2025,0
Souza2025,Souza2025,0
Mannila2025,Mannila2025,0
Vasou2025,Vasou2025,0
Jindal2024,Jindal2024,0
Sebestyn2025,Sebestyn2025,0
Heeg2024,Heeg2024,0
Schlarb2024,Schlarb2024,0
Busch2025,Busch2025,0
Bi2025,Bi2025,0
Velander2023,Velander2023,0
Razmerita2025,Razmerita2025,0
Triantafyllou2025,Triantafyllou2025,0
Cesaroni2025,Cesaroni2025,0
Shimada2025,Shimada2025,0
Supe2025,Supe2025,0
Rashdi2025,Rashdi2025,0
Miyazaki2025,Miyazaki2025,0
Puthipiroj2025,Puthipiroj2025,0
Vassileva2026,Vassileva2026,0
Gner2025,Gner2025,0
Dumagay2025,Dumagay2025,0
Ezziyyani2025,Ezziyyani2025,0
Mullan2024,Mullan2024,0
Miles2025,Miles2025,0
Sporrong2024,Sporrong2024,0
Long2025,Long2025,0
Lpez2025,Lpez2025,0
Andersen2026,Andersen2026,0
Gapol2025,Gapol2025,0
Alkalbani2025,Alkalbani2025,0
Marconi2025,Marconi2025,0
Ondrusch2025,Ondrusch2025,0
Schn2025,Schn2025,0
Luo2025,Luo2025,0
Karran2025,Karran2025,0
Sarmiento2025,Sarmiento2025,0
Thorat2026,Thorat2026,0
George2025,George2025,0
Brandtzaeg2025,Brandtzaeg2025,0
Bakthavatchaalam2024,Bakthavatchaalam2024,0
Magyary2025,Magyary2025,0
Gouveia2025,Gouveia2025,0
Sjberg2025,Sjberg2025,0
Roe2025,Roe2025,0
Rajamki2025,Rajamki2025,0
Badawy2025,Badawy2025,0
Kurni2023,Kurni2023,0
Mantello2024,Mantello2024,0
Acim2025,Acim2025,0
Mezina2025,Mezina2025,0
tefk2025,tefk2025,0
Armony2024,Armony2024,0
Cheung2025,Cheung2025,0
Fitas2025,Fitas2025,0
Shwedeh2024,Shwedeh2024,0
Phung2025,Phung2025,0
Marble2025,Marble2025,0
Brandhofer2025,Brandhofer2025,0
Taneja2025,Taneja2025,0
Curtis2024,Curtis2024,0
Garcia2026,Garcia2026,0
Ching2024,Ching2024,0
Gozum2024,Gozum2024,0
Murgia2024,Murgia2024,0
Papajorgji2025,Papajorgji2025,0
Papajorgji2025,Gupta2025,1.4285714285714286
Papajorgji2025,Cheng2025,1.4285714285714286
Papajorgji2025,Mutambara2025,1.5740594994490793
Papajorgji2025,Sanmugam2025,1.6048788316482105
Jing2025,Jing2025,0
Perkins2023,Perkins2023,0
Hswen2025,Hswen2025,0
Nwagbara2025,Nwagbara2025,0
Ryan2024,Ryan2024,0
GarciaPi2025,GarciaPi2025,0
Nazaretsky2024,Nazaretsky2024,0
Tchibozo2025,Tchibozo2025,0
Bosch2025,Bosch2025,0
Farida2025,Farida2025,0
Mei2024,Mei2024,0
Goslen2025,Goslen2025,0
MuellerCsernetzky2025,MuellerCsernetzky2025,0
Khine2024,Khine2024,0
Camargo2025,Camargo2025,0
PieraCastro2025,PieraCastro2025,0
Kkuncular2024,Kkuncular2024,0
Kilinc2025,Kilinc2025,0
Lively2025,Lively2025,0
Ardimento2025,Ardimento2025,0
Yim2025,Yim2025,0
Chung2024,Chung2024,0
Deng2025,Deng2025,0
Awashreh2025,Awashreh2025,0
Khiem2024,Khiem2024,0
Bauer2025,Bauer2025,0
Chang2025,Chang2025,0
Reihanian2025,Reihanian2025,0
Dabbagh2024,Dabbagh2024,0
Sajja2025,Sajja2025,0
Sidiropoulos2024,Sidiropoulos2024,0
Kolade2026,Kolade2026,0
Fu2024,Fu2024,0
Sabbagh2025,Sabbagh2025,0
Cordero2025,Cordero2025,0
Marina2025,Marina2025,0
Almalki2025,Almalki2025,0
Pfluegel2024,Pfluegel2024,0
Lin2023,Lin2023,0
Tjano2025,Tjano2025,0
Tlais2025,Tlais2025,0
Marchiori2025,Marchiori2025,0
Thompson2024,Thompson2024,0
Lysova2025,Lysova2025,0
Komasawa2025,Komasawa2025,0
Beniwal2025,Beniwal2025,0
Choi2025,Choi2025,0
Assante2024,Assante2024,0
Khojah2025,Khojah2025,0
Bouziane2024,Bouziane2024,0
Divya2025,Divya2025,0
Gholiagha2025,Gholiagha2025,0
Yue2025,Yue2025,0
Islamutdinov2024,Islamutdinov2024,0
Peng2025,Peng2025,0
Coleman2025,Coleman2025,0
Faizin2025,Faizin2025,0
Avanesh2024,Avanesh2024,0
Low2025,Low2025,0
Silva2024,Silva2024,0
Salama2025,Salama2025,0
Gambo2024,Gambo2024,0
Su2025,Su2025,0
Nascimento2025,Nascimento2025,0
Chudziak2025,Chudziak2025,0
Almarzouki2025,Almarzouki2025,0
Siu2025,Siu2025,0
Nozaki2025,Nozaki2025,0
Wen2025,Wen2025,0
Ocay2025,Ocay2025,0
Barnawi2025,Barnawi2025,0
Williams2024,Williams2024,0
Unal2025,Unal2025,0
Thompson2025,Thompson2025,0
Diebel2025,Diebel2025,0
Yetiensoy2025,Yetiensoy2025,0
Pavletich2025,Pavletich2025,0
Karpatne2025,Karpatne2025,0
Vikas2025,Vikas2025,0
Hu2024,Hu2024,0
Sinha2025,Sinha2025,0
Darancik2025,Darancik2025,0
Najeeb2025,Najeeb2025,0
Orlova2025,Orlova2025,0
Salloum2025,Salloum2025,0
Sammer2024,Sammer2024,0
Marn2025,Marn2025,0
SchneiderKamp2025,SchneiderKamp2025,0
Gu2024,Gu2024,0
Liang2024,Liang2024,0
Smith2025,Smith2025,0
Kolarov2025,Kolarov2025,0
Wilczek2024,Wilczek2024,0
Johnson2025,Johnson2025,0
Lu2024,Lu2024,0
Bdi2025,Bdi2025,0
Du2024,Du2024,0
Baeyaert2025,Baeyaert2025,0
Eger2025,Eger2025,0
Kyrimi2025,Kyrimi2025,0
Asamoah2025,Asamoah2025,0
Vorbach2025,Vorbach2025,0
OfosuAmpong2024,OfosuAmpong2024,0
Rao2025,Rao2025,0
Shi2025,Shi2025,0
Valentine2025,Valentine2025,0
Hu2025,Hu2025,0
Ayanwale2024,Ayanwale2024,0
Voulgari2024,Voulgari2024,0
Tammeleht2025,Tammeleht2025,0
Allen2024,Allen2024,0
Chiu2024,Chiu2024,0
Ebner2025,Ebner2025,0
Mussgnug2025,Mussgnug2025,0
Daou2025,Daou2025,0
Kundu2025,Kundu2025,0
Ossa2024,Ossa2024,0
Priya2025,Priya2025,0
Gmez2026,Gmez2026,0
Sung2025,Sung2025,0
Sharma2024,Sharma2024,0
Sun2024,Sun2024,0
Mgelvang2025,Mgelvang2025,0
Zhai2025,Zhai2025,0
Veltmeijer2025,Veltmeijer2025,0
Cappelli2024,Cappelli2024,0
Beerends2024,Beerends2024,0
Arshad2025,Arshad2025,0
NaamatiSchneider2025,NaamatiSchneider2025,0
Ali2025,Ali2025,0
Ray2024,Ray2024,0
Marino2025,Marino2025,0
Omeh2025,Omeh2025,0
Harte2025,Harte2025,0
Rincn2025,Rincn2025,0
Kestin2025,Kestin2025,0
Behrens2024,Behrens2024,0
Chalupa2024,Chalupa2024,0
Rapanta2025,Rapanta2025,0
Wazan2024,Wazan2024,0
Montag2025,Montag2025,0
Kathala2024,Kathala2024,0
Comeau2025,Comeau2025,0
Weichert2025,Weichert2025,0
Verhelst2025,Verhelst2025,0
Bahir2024,Bahir2024,0
Lelis2026,Lelis2026,0
Morosoli2025,Morosoli2025,0
Park2025,Park2025,0
Shamsuddin2025,Shamsuddin2025,0
AlChaer2024,AlChaer2024,0
Venugopal2025,Venugopal2025,0
Thesen2025,Thesen2025,0
Marey2024,Marey2024,0
Hamam2025,Hamam2025,0
Alzghaibi2025,Alzghaibi2025,0
Xu2022,Xu2022,0
Martucci2025,Martucci2025,0
Zuo2025,Zuo2025,0
Desconocido2025,Desconocido2025,0
Schlemmer2025,Schlemmer2025,0
Thangasamy2025,Thangasamy2025,0
Lanne2025,Lanne2025,0
Palenski2024,Palenski2024,0
Manopiniwes2026,Manopiniwes2026,0
Ma2024,Ma2024,0
Gupta2025,Gupta2025,0
Gupta2025,Cheng2025,1.4285714285714286
Gupta2025,Papajorgji2025,1.4285714285714286
Gupta2025,Mutambara2025,1.5740594994490793
Gupta2025,Sanmugam2025,1.6048788316482105
HirschKreinsen2023,HirschKreinsen2023,0
KukulskaHulme2025,KukulskaHulme2025,0
Shaban2025,Shaban2025,0
Ohashi2024,Ohashi2024,0
Pang2025,Pang2025,0
Zidoun2024,Zidoun2024,0
Tan2024,Tan2024,0
Voutyrakou2025,Voutyrakou2025,0
Cherner2024,Cherner2024,0
Auliya2024,Auliya2024,0
Shyshkina2025,Shyshkina2025,0
Rawas2024,Rawas2024,0
Parmar2025,Parmar2025,0
Herzog2024,Herzog2024,0
Laupichler2024,Laupichler2024,0
Gray2025,Gray2025,0
Gupta2024,Gupta2024,0
Tilak2025,Tilak2025,0
Wells2024,Wells2024,0
Williams2026,Williams2026,0
Sanmugam2025,Sanmugam2025,0
Sanmugam2025,Gupta2025,1.6048788316482105
Sanmugam2025,Cheng2025,1.6048788316482105
Sanmugam2025,Papajorgji2025,1.6048788316482105
Sanmugam2025,Mutambara2025,3.1789383310972896
KostickQuenet2025,KostickQuenet2025,0
Argotty2026,Argotty2026,0
Afreen2025,Afreen2025,0
Waykar2025,Waykar2025,0
Thesen2024,Thesen2024,0
Ifenthaler2024,Ifenthaler2024,0
Ravi2025,Ravi2025,0
Niu2025,Niu2025,0
Kizilcec2025,Kizilcec2025,0
Irwanto2025,Irwanto2025,0
Rouzrokh2025,Rouzrokh2025,0
Kong2025,Kong2025,0
Waltzer2024,Waltzer2024,0
Morey2025,Morey2025,0
Verboom2025,Verboom2025,0
Goyanes2025,Goyanes2025,0
Sincari2024,Sincari2024,0
Kaya2025,Kaya2025,0
Varun2025,Varun2025,0
Hung2025,Hung2025,0
Ghimire2024,Ghimire2024,0
Pariso2025,Pariso2025,0
Hilliard2024,Hilliard2024,0
Uluda2025,Uluda2025,0
Hong2025,Hong2025,0
Thaldar2025,Thaldar2025,0
Uddin2025,Uddin2025,0
Chu2025,Chu2025,0
Bignami2025,Bignami2025,0
Muyskens2024,Muyskens2024,0
Karches2025,Karches2025,0
Farhad2025,Farhad2025,0
Ameur2025,Ameur2025,0
Khojasteh2025,Khojasteh2025,0
Ateriya2025,Ateriya2025,0
Durn2025,Durn2025,0
Cruz2025,Cruz2025,0
Koopman2024,Koopman2024,0
Lampropoulos2025,Lampropoulos2025,0
Ahmed2025,Ahmed2025,0
Hidalgo2025,Hidalgo2025,0
Polozhentseva2025,Polozhentseva2025,0
Feichtenbeiner2025,Feichtenbeiner2025,0
Lasaraiya2025,Lasaraiya2025,0
Bhiri2025,Bhiri2025,0
Padhani2025,Padhani2025,0
Barrit2025,Barrit2025,0
Nweke2025,Nweke2025,0
Kinachtchouk2024,Kinachtchouk2024,0
Liew2025,Liew2025,0
Bellot2025,Bellot2025,0
Vallverd2025,Vallverd2025,0
ElFarahaty2025,ElFarahaty2025,0
Abbes2024,Abbes2024,0
Wong2024,Wong2024,0
Razak2024,Razak2024,0
Pitura2024,Pitura2024,0
Hsia2025,Hsia2025,0
Wu2023,Wu2023,0
Asghar2025,Asghar2025,0
Lin2024,Lin2024,0
Lu2025,Lu2025,0
Whig2024,Whig2024,0
Rodafinos2024,Rodafinos2024,0
Sreenath2024,Sreenath2024,0
Santoianni2025,Santoianni2025,0
Mohamed2026,Mohamed2026,0
Kadam2026,Kadam2026,0
Atadika2024,Atadika2024,0
Brandtzaeg2024,Brandtzaeg2024,0
BowenWithington2025,BowenWithington2025,0
You2025,You2025,0
Adarkwah2025,Adarkwah2025,0
Falebita2024,Falebita2024,0
Yusuf2024,Yusuf2024,0
MarnLpez2025,MarnLpez2025,0
Shaw2025,Shaw2025,0
Alanazi2025,Alanazi2025,0
Duke2025,Duke2025,0
Jensen2025,Jensen2025,0
Ragonis2024,Ragonis2024,0
ZapataCceres2024,ZapataCceres2024,0
KaraZorluoglu2025,KaraZorluoglu2025,0
Sari2025,Sari2025,0
avu2025,avu2025,0
Grizioti2025,Grizioti2025,0
Palop2025,Palop2025,0
Choi2024,Choi2024,0
Pan2024,Pan2024,0
Appiah2025,Appiah2025,0
Duckworth2025,Duckworth2025,0
Guan2025,Guan2025,0
Akbaritabar2024,Akbaritabar2024,0
Matthews2025,Matthews2025,0
ahin2025,ahin2025,0
Christensen2024,Christensen2024,0
Espinal2025,Espinal2025,0
Ezeamuzie2024,Ezeamuzie2024,0
Leung2024,Leung2024,0
Halaman2024,Halaman2024,0
Trishaank2025,Trishaank2025,0
Xing2024,Xing2024,0
Lei2024,Lei2024,0
Putra2025,Putra2025,0
AYTEKN2024,AYTEKN2024,0
Gu2025,Gu2025,0
Xiang2025,Xiang2025,0
Chaabi2025,Chaabi2025,0
EstherdelMoralPrez2025,EstherdelMoralPrez2025,0
Hsu2024,Hsu2024,0
Adorni2025,Adorni2025,0
Gong2025,Gong2025,0
Vasconcelos2025,Vasconcelos2025,0
Cafarella2024,Cafarella2024,0
Cantlon2024,Cantlon2024,0
Cujdikova2025,Cujdikova2025,0
Vourletsis2024,Vourletsis2024,0
Broley2024,Broley2024,0
Broley2024,Broley2023,1.0
Sunday2025,Sunday2025,0
Hong2023,Hong2023,0
Fei2025,Fei2025,0
Peel2024,Peel2024,0
Fang2025,Fang2025,0
enel2024,enel2024,0
Escaleira2025,Escaleira2025,0
Yuana2025,Yuana2025,0
Kwon2025,Kwon2025,0
Gerini2024,Gerini2024,0
Beatty2024,Beatty2024,0
Bowers2024,Bowers2024,0
Geng2024,Geng2024,0
Assaf2024,Assaf2024,0
Ferragina2024,Ferragina2024,0
Ferragina2024,Srinivasa2022,1.4285714285714286
Ferragina2024,Suri2022,1.4285714285714286
Nannim2023,Nannim2023,0
Vourletsis2025,Vourletsis2025,0
Jeon2024,Jeon2024,0
Tscholl2025,Tscholl2025,0
Zeng2024,Zeng2024,0
akirolu2024,akirolu2024,0
SalaSebasti2025,SalaSebasti2025,0
Bscher2024,Bscher2024,0
Vassallo2025,Vassallo2025,0
Shin2024,Shin2024,0
Sarmasgi2024,Sarmasgi2024,0
Dabholkar2025,Dabholkar2025,0
MarcumDietrich2024,MarcumDietrich2024,0
Batni2024,Batni2024,0
Kkaydn2023,Kkaydn2023,0
Jin2024,Jin2024,0
Sarmasgi2025,Sarmasgi2025,0
Junior2024,Junior2024,0
Metin2024,Metin2024,0
Lee2023,Lee2023,0
Kerimbayev2023,Kerimbayev2023,0
Sunday2024,Sunday2024,0
Jha2024,Jha2024,0
Gigliotta2025,Gigliotta2025,0
Gke2022,Gke2022,0
Pedwell2023,Pedwell2023,0
Varghese2023,Varghese2023,0
Lore2023,Lore2023,0
Syso2025,Syso2025,0
Adanr2023,Adanr2023,0
Falcn2023,Falcn2023,0
Murcia2024,Murcia2024,0
Chang2023,Chang2023,0
Cai2023,Cai2023,0
Zhou2024,Zhou2024,0
Leonard2023,Leonard2023,0
Quinn2023,Quinn2023,0
Konstantina2025,Konstantina2025,0
Acosta2023,Acosta2023,0
Rao2024,Rao2024,0
Kaur2023,Kaur2023,0
Macann2025,Macann2025,0
Qian2022,Qian2022,0
Tang2024,Tang2024,0
TofelGrehl2022,TofelGrehl2022,0
Chytas2024,Chytas2024,0
Cheng2023,Cheng2023,0
Christensen2022,Christensen2022,0
LpezCaudana2024,LpezCaudana2024,0
Nayak2025,Nayak2025,0
Aytekin2023,Aytekin2023,0
ElHamamsy2025,ElHamamsy2025,0
Borkulo2023,Borkulo2023,0
Alqahtani2024,Alqahtani2024,0
Chen2023,Chen2023,0
Durak2022,Durak2022,0
Labusch2024,Labusch2024,0
Tsingidou2025,Tsingidou2025,0
Kkaydn2024,Kkaydn2024,0
Seckel2023,Seckel2023,0
Gao2025,Gao2025,0
Sun2023,Sun2023,0
Kurt2024,Kurt2024,0
Krause2023,Krause2023,0
Arajo2024,Arajo2024,0
Tawfik2022,Tawfik2022,0
Jocius2025,Jocius2025,0
Arslanolu2023,Arslanolu2023,0
Zakwandi2023,Zakwandi2023,0
Ng2023,Ng2023,0
Broley2023,Broley2023,0
Broley2023,Broley2024,1.0
Shang2023,Shang2023,0
LpezCaudana2025,LpezCaudana2025,0
Rensburg2024,Rensburg2024,0
JucaAulestia2024,JucaAulestia2024,0
Saritepeci2024,Saritepeci2024,0
Payne2022,Payne2022,0
en2022,en2022,0
Ching2023,Ching2023,0
Shin2022,Shin2022,0
Looi2023,Looi2023,0
Lehtimki2026,Lehtimki2026,0
Mergianian2026,Mergianian2026,0
Hu2023,Hu2023,0
zci2024,zci2024,0
Tariq2025,Tariq2025,0
Meaney2024,Meaney2024,0
Dong2023,Dong2023,0
Kang2022,Kang2022,0
Giannakoulas2023,Giannakoulas2023,0
Parekh2024,Parekh2024,0
Arslanta2024,Arslanta2024,0
Thakkar2025,Thakkar2025,0
Ramanujam2025,Ramanujam2025,0
Guggemos2024,Guggemos2024,0
Moreno2024,Moreno2024,0
Mannari2025,Mannari2025,0
Weintrop2022,Weintrop2022,0
Yeh2024,Yeh2024,0
Kaya2024,Kaya2024,0
Kaya2024,Aydodu2024,1.0936132983377078
ValenzuelaArvizu2025,ValenzuelaArvizu2025,0
zdoru2024,zdoru2024,0
Frgt2025,Frgt2025,0
Huang2022,Huang2022,0
Fanchamps2023,Fanchamps2023,0
Yu2023,Yu2023,0
Pinheiro2025,Pinheiro2025,0
Cammarota2025,Cammarota2025,0
Jin2023,Jin2023,0
Liao2022,Liao2022,0
Pinto2024,Pinto2024,0
Bilgic2023,Bilgic2023,0
MoralesHernndez2024,MoralesHernndez2024,0
Uslu2024,Uslu2024,0
Jiang2022,Jiang2022,0
Sanz2026,Sanz2026,0
Adler2022,Adler2022,0
Zheng2022,Zheng2022,0
BreitfussHorner2023,BreitfussHorner2023,0
Reischies2025,Reischies2025,0
Joaquim2025,Joaquim2025,0
Luo2023,Luo2023,0
Rich2022,Rich2022,0
Lindenfors2024,Lindenfors2024,0
Bhurkunde2025,Bhurkunde2025,0
Gao2023,Gao2023,0
Tikva2022,Tikva2022,0
Oswald2023,Oswald2023,0
Schwartz2023,Schwartz2023,0
CrawfordVisbal2025,CrawfordVisbal2025,0
Dunne2025,Dunne2025,0
RamrezMontoya2025,RamrezMontoya2025,0
Joo2024,Joo2024,0
Uslu2022,Uslu2022,0
TeneTenempaguay2023,TeneTenempaguay2023,0
Zhou2022,Zhou2022,0
Williams2025,Williams2025,0
Srinivasa2022,Srinivasa2022,0
Srinivasa2022,Ferragina2024,1.4285714285714286
Srinivasa2022,Suri2022,1.4285714285714286
Fu2023,Fu2023,0
JimnezGonzlez2026,JimnezGonzlez2026,0
Zitouniatis2022,Zitouniatis2022,0
Hachmann2022,Hachmann2022,0
Nie2025,Nie2025,0
Penney2024,Penney2024,0
Boom2022,Boom2022,0
Date2024,Date2024,0
Ganapini2025,Ganapini2025,0
Bonani2023,Bonani2023,0
Hanid2022,Hanid2022,0
Parve2023,Parve2023,0
Schulz2024,Schulz2024,0
Agbo2023,Agbo2023,0
Bratitsis2024,Bratitsis2024,0
Fukui2025,Fukui2025,0
Jukeviien2023,Jukeviien2023,0
Kl2022,Kl2022,0
Dohn2022,Dohn2022,0
Kaarto2025,Kaarto2025,0
Urayama2024,Urayama2024,0
Lv2022,Lv2022,0
Joo2023,Joo2023,0
Jimnez2024,Jimnez2024,0
Liu2026,Liu2026,0
Fanchamps2022,Fanchamps2022,0
Peel2022,Peel2022,0
RodriguezMartinez2024,RodriguezMartinez2024,0
ALShammari2025,ALShammari2025,0
Avc2022,Avc2022,0
Venkatachalam2023,Venkatachalam2023,0
Yakin2024,Yakin2024,0
Batham2023,Batham2023,0
Mumcu2022,Mumcu2022,0
McLaughlin2025,McLaughlin2025,0
Scholz2025,Scholz2025,0
Hansen2023,Hansen2023,0
Lee2022,Lee2022,0
Mig2025,Mig2025,0
NezNaranjo2023,NezNaranjo2023,0
Ye2023,Ye2023,0
Chaabi2024,Chaabi2024,0
Kaup2023,Kaup2023,0
Tikva2024,Tikva2024,0
akrolu2025,akrolu2025,0
Love2022,Love2022,0
Guggemos2022,Guggemos2022,0
Park2022,Park2022,0
Schreiner2026,Schreiner2026,0
Schreiner2026,Schreiner2021,1.0
Pena2025,Pena2025,0
Aydodu2024,Aydodu2024,0
Aydodu2024,Kaya2024,1.0936132983377078
Washbrooke2024,Washbrooke2024,0
Kert2022,Kert2022,0
Agbo2022,Agbo2022,0
Muthmainnah2025,Muthmainnah2025,0
SanabriaZ2025,SanabriaZ2025,0
Jocius2022,Jocius2022,0
Christensen2023,Christensen2023,0
Ozyurt2022,Ozyurt2022,0
Sandhu2025,Sandhu2025,0
Fabio2024,Fabio2024,0
Kong2022,Kong2022,0
PittaPantazi2024,PittaPantazi2024,0
Yamamori2024,Yamamori2024,0
Ormanci2025,Ormanci2025,0
Ye2024,Ye2024,0
Muoz2024,Muoz2024,0
Havenga2023,Havenga2023,0
Arroyo2022,Arroyo2022,0
Melnikoff2024,Melnikoff2024,0
Sung2022,Sung2022,0
Fukui2024,Fukui2024,0
Lombardi2024,Lombardi2024,0
Brooks2024,Brooks2024,0
Chiang2022,Chiang2022,0
Kuo2024,Kuo2024,0
Abar2024,Abar2024,0
Sapounidis2024,Sapounidis2024,0
SanabriaZ2023,SanabriaZ2023,0
Nordby2022,Nordby2022,0
Gao2022,Gao2022,0
Mayne2023,Mayne2023,0
Hsu2022,Hsu2022,0
Raikov2024,Raikov2024,0
Lehmann2023,Lehmann2023,0
Hadjerrouit2024,Hadjerrouit2024,0
Trung2024,Trung2024,0
QudratUllah2025,QudratUllah2025,0
Lu2022,Lu2022,0
MedinaVidal2025,MedinaVidal2025,0
Hoya2024,Hoya2024,0
Katchapakirin2022,Katchapakirin2022,0
Zahn2023,Zahn2023,0
Wong2023,Wong2023,0
Claerhout2026,Claerhout2026,0
Tierens2025,Tierens2025,0
Yksel2025,Yksel2025,0
Tamborg2022,Tamborg2022,0
Suri2022,Suri2022,0
Suri2022,Ferragina2024,1.4285714285714286
Suri2022,Srinivasa2022,1.4285714285714286
Kerruish2024,Kerruish2024,0
Lima2023,Lima2023,0
Santos2023,Santos2023,0
Beyer2023,Beyer2023,0
Hwang2023,Hwang2023,0
Glendell2025,Glendell2025,0
Song2024,Song2024,0
Aranda2022,Aranda2022,0
Lufer2024,Lufer2024,0
Zerega2025,Zerega2025,0
Asgari2026,Asgari2026,0
Orakc2024,Orakc2024,0
Gefen2024,Gefen2024,0
Tamborg2023,Tamborg2023,0
Tamborg2023,Tamborg2024,1.0
Labusch2023,Labusch2023,0
Adam2025,Adam2025,0
Bergen2024,Bergen2024,0
Wang2022,Wang2022,0
Delzanno2023,Delzanno2023,0
Arvanitakis2024,Arvanitakis2024,0
Haubrock2024,Haubrock2024,0
Cheng2024,Cheng2024,0
Psycharis2023,Psycharis2023,0
Bal2022,Bal2022,0
Dori2023,Dori2023,0
Kirali2022,Kirali2022,0
Zaman2024,Zaman2024,0
Duran2024,Duran2024,0
Suzuki2023,Suzuki2023,0
Markowitz2024,Markowitz2024,0
Zhang2022,Zhang2022,0
PealozaOchoa2023,PealozaOchoa2023,0
Muliyati2021,Muliyati2021,0
Sari2024,Sari2024,0
Yao2025,Yao2025,0
Kontorovich2024,Kontorovich2024,0
Chatzipanagiotou2025,Chatzipanagiotou2025,0
Marwala2024,Marwala2024,0
Kirwan2022,Kirwan2022,0
Bowers2023,Bowers2023,0
Hegde2023,Hegde2023,0
Burken2025,Burken2025,0
Tamborg2024,Tamborg2024,0
Tamborg2024,Tamborg2023,1.0
Stanovich2025,Stanovich2025,0
Velankar2024,Velankar2024,0
Wang2021,Wang2021,0
Zavlis2025,Zavlis2025,0
Murti2023,Murti2023,0
Polat2022,Polat2022,0
Hazzan2023,Hazzan2023,0
Kamak2023,Kamak2023,0
Vallverd2024,Vallverd2024,0
Kirkpatrick2026,Kirkpatrick2026,0
Urhan2022,Urhan2022,0
Ando2024,Ando2024,0
Kadijevich2023,Kadijevich2023,0
Shin2021,Shin2021,0
Puccetti2024,Puccetti2024,0
Battistello2025,Battistello2025,0
akirolu2022,akirolu2022,0
Hariyanto2025,Hariyanto2025,0
MorenoRodriguez2025,MorenoRodriguez2025,0
Polat2025,Polat2025,0
Bunt2025,Bunt2025,0
KastnerHauler2025,KastnerHauler2025,0
AlfaroPonce2024,AlfaroPonce2024,0
Rajan2024,Rajan2024,0
Chaudhuri2025,Chaudhuri2025,0
Bacalja2024,Bacalja2024,0
Berwian2025,Berwian2025,0
Lavalley2025,Lavalley2025,0
Mrch2022,Mrch2022,0
Shugars2024,Shugars2024,0
Eidin2023,Eidin2023,0
LindeKoomen2023,LindeKoomen2023,0
Jiang2021,Jiang2021,0
LopezParra2024,LopezParra2024,0
Sternberg2025,Sternberg2025,0
Bati2021,Bati2021,0
White2023,White2023,0
Betty2023,Betty2023,0
Dubois2023,Dubois2023,0
Brmer2023,Brmer2023,0
Murphy2023,Murphy2023,0
Kong2021,Kong2021,0
Bharathi2024,Bharathi2024,0
enda2023,enda2023,0
Yin2022,Yin2022,0
English2023,English2023,0
Berry2025,Berry2025,0
Furuta2023,Furuta2023,0
CruzSandoval2023,CruzSandoval2023,0
Magana2024,Magana2024,0
Gibson2024,Gibson2024,0
Chimoni2023,Chimoni2023,0
Cunha2023,Cunha2023,0
Hubert2024,Hubert2024,0
White2025,White2025,0
Ark2021,Ark2021,0
Gong2023,Gong2023,0
Broodbank2025,Broodbank2025,0
CurtisTrudel2023,CurtisTrudel2023,0
Munyebvu2025,Munyebvu2025,0
Han2024,Han2024,0
Moongela2025,Moongela2025,0
Menolli2021,Menolli2021,0
Lee2021,Lee2021,0
Larkin2022,Larkin2022,0
Ding2023,Ding2023,0
PrezSuasnavas2023,PrezSuasnavas2023,0
Nuttall2025,Nuttall2025,0
Farr2025,Farr2025,0
Chiriatti2024,Chiriatti2024,0
Li2022,Li2022,0
Luhar2025,Luhar2025,0
Fanchamps2021,Fanchamps2021,0
Xie2025,Xie2025,0
Tankiz2022,Tankiz2022,0
Garmire2024,Garmire2024,0
Andersen2025,Andersen2025,0
Stokes2023,Stokes2023,0
Chowdhary2025,Chowdhary2025,0
Gelepithis2024,Gelepithis2024,0
RuizDolz2025,RuizDolz2025,0
Kaup2022,Kaup2022,0
Zerega2023,Zerega2023,0
Fehrmann2023,Fehrmann2023,0
Louka2023,Louka2023,0
Brandhofer2022,Brandhofer2022,0
Koivisto2023,Koivisto2023,0
Ball2024,Ball2024,0
Strubbe2024,Strubbe2024,0
Grandolfo2025,Grandolfo2025,0
Tekdal2021,Tekdal2021,0
Baumler2024,Baumler2024,0
Ravindran2025,Ravindran2025,0
Suciati2023,Suciati2023,0
Odgaard2022,Odgaard2022,0
Brooks2023,Brooks2023,0
Leo2025,Leo2025,0
Forestal2025,Forestal2025,0
Yin2023,Yin2023,0
RobledoCastro2023,RobledoCastro2023,0
Bagler2024,Bagler2024,0
Levin2022,Levin2022,0
Saba2023,Saba2023,0
Favero2025,Favero2025,0
Feklistova2025,Feklistova2025,0
Mmmel2025,Mmmel2025,0
Lodi2021,Lodi2021,0
Nurhayati2022,Nurhayati2022,0
MasiulionytDagien2022,MasiulionytDagien2022,0
Vlassis2022,Vlassis2022,0
Ayub2023,Ayub2023,0
Khayut2024,Khayut2024,0
Schulz2022,Schulz2022,0
Schulz2022,Schulz2021,1.0
DeJarnette2021,DeJarnette2021,0
Shah2025,Shah2025,0
Granato2025,Granato2025,0
Ma2021,Ma2021,0
Lonard2022,Lonard2022,0
Critten2021,Critten2021,0
Thapa2025,Thapa2025,0
McCormick2021,McCormick2021,0
Durak2023,Durak2023,0
Datwani2022,Datwani2022,0
Sims2025,Sims2025,0
Staub2026,Staub2026,0
Durak2021,Durak2021,0
Fox2024,Fox2024,0
Martn2024,Martn2024,0
Sobchuk2024,Sobchuk2024,0
Chi2023,Chi2023,0
Kerschen2023,Kerschen2023,0
Radloff2021,Radloff2021,0
Smith2021,Smith2021,0
Xu2021,Xu2021,0
Kieran2022,Kieran2022,0
Ito2025,Ito2025,0
Ghasemi2024,Ghasemi2024,0
Danaeifar2024,Danaeifar2024,0
Reijers2025,Reijers2025,0
Thomas2025,Thomas2025,0
Thabvithorn2022,Thabvithorn2022,0
Genco2024,Genco2024,0
Silver2025,Silver2025,0
Ge2025,Ge2025,0
Kotsopoulos2021,Kotsopoulos2021,0
Hazarika2025,Hazarika2025,0
Mailund2021,Mailund2021,0
Mentzer2023,Mentzer2023,0
Muthmainnah2023,Muthmainnah2023,0
Koenen2024,Koenen2024,0
Buehler2025,Buehler2025,0
Aires2024,Aires2024,0
VillaOchoa2022,VillaOchoa2022,0
Dopkins2024,Dopkins2024,0
Stenseke2024,Stenseke2024,0
Ani2023,Ani2023,0
Angelidakis2024,Angelidakis2024,0
Gero2024,Gero2024,0
Xu2023,Xu2023,0
Taherdoost2025,Taherdoost2025,0
Baweja2025,Baweja2025,0
Stancliffe2025,Stancliffe2025,0
Stade2023,Stade2023,0
Qu2021,Qu2021,0
Auernhammer2023,Auernhammer2023,0
Chevalier2022,Chevalier2022,0
Ganjali2023,Ganjali2023,0
Harishree2025,Harishree2025,0
Fredskilde2025,Fredskilde2025,0
Bennett2024,Bennett2024,0
Peuela2025,Peuela2025,0
Yehudi2023,Yehudi2023,0
Stamkou2024,Stamkou2024,0
Cuomo2025,Cuomo2025,0
Atekan2021,Atekan2021,0
Freye2025,Freye2025,0
OlmoMuoz2021,OlmoMuoz2021,0
Fuentes2024,Fuentes2024,0
Cabrera2023,Cabrera2023,0
Kandlhofer2023,Kandlhofer2023,0
Yuan2024,Yuan2024,0
Carmona2022,Carmona2022,0
Koumoutsakos2024,Koumoutsakos2024,0
Bielik2023,Bielik2023,0
Moghadam2024,Moghadam2024,0
Tunney2024,Tunney2024,0
ernochov2022,ernochov2022,0
Caianiello2023,Caianiello2023,0
Haughton2023,Haughton2023,0
Vourletsis2022,Vourletsis2022,0
Niemel2022,Niemel2022,0
Katai2021,Katai2021,0
Todorovski2023,Todorovski2023,0
Linde2022,Linde2022,0
Kynigos2023,Kynigos2023,0
Ikegwu2023,Ikegwu2023,0
Wei2024,Wei2024,0
Leal2024,Leal2024,0
Wangenheim2024,Wangenheim2024,0
Wangenheim2024,Wangenheim2023,1.2537612838515546
Spieler2022,Spieler2022,0
Sood2025,Sood2025,0
Jenkinson2024,Jenkinson2024,0
Ebadpour2024,Ebadpour2024,0
Gabatino2022,Gabatino2022,0
Patio2023,Patio2023,0
Covitt2023,Covitt2023,0
Elshahawy2022,Elshahawy2022,0
Chiara2025,Chiara2025,0
Wan2024,Wan2024,0
Saritepeci2021,Saritepeci2021,0
Young2024,Young2024,0
Mungle2025,Mungle2025,0
DodigCrnkovic2024,DodigCrnkovic2024,0
Boutiche2023,Boutiche2023,0
Lavino2024,Lavino2024,0
Alvarado2023,Alvarado2023,0
Ang2021,Ang2021,0
Eswaran2025,Eswaran2025,0
Gastaldi2024,Gastaldi2024,0
Beckmann2023,Beckmann2023,0
Osman2024,Osman2024,0
Douven2023,Douven2023,0
Romero2025,Romero2025,0
Zanders2025,Zanders2025,0
Lenz2022,Lenz2022,0
Heisel2024,Heisel2024,0
Bai2023,Bai2023,0
Desconocido2023,Desconocido2023,0
Mir2024,Mir2024,0
Yakin2025,Yakin2025,0
Sevik2022,Sevik2022,0
Loconte2025,Loconte2025,0
Yazdi2024,Yazdi2024,0
Calderon2022,Calderon2022,0
Papadopoulou2022,Papadopoulou2022,0
Bansal2024,Bansal2024,0
Mehta2025,Mehta2025,0
Scheller2022,Scheller2022,0
Simpson2024,Simpson2024,0
Fitzpatrick2025,Fitzpatrick2025,0
Roth2025,Roth2025,0
Dervishaj2023,Dervishaj2023,0
Bradshaw2022,Bradshaw2022,0
Bers2025,Bers2025,0
Cerovac2023,Cerovac2023,0
Cugliana2024,Cugliana2024,0
Moya2023,Moya2023,0
Thomsen2022,Thomsen2022,0
Canbalolu2023,Canbalolu2023,0
Papalambros2024,Papalambros2024,0
Christensen2020,Christensen2020,0
Pengfei2025,Pengfei2025,0
Anwar2022,Anwar2022,0
Giannini2024,Giannini2024,0
Hava2021,Hava2021,0
GarcaMartnez2023,GarcaMartnez2023,0
Berciano2024,Berciano2024,0
Kane2024,Kane2024,0
Lim2024,Lim2024,0
SanchezAnguix2023,SanchezAnguix2023,0
Keane2023,Keane2023,0
Yohannes2024,Yohannes2024,0
Fradkin2024,Fradkin2024,0
Qi2023,Qi2023,0
Matzko2024,Matzko2024,0
Baladron2023,Baladron2023,0
Li2020,Li2020,0
Watarai2023,Watarai2023,0
Hadjerrouit2022,Hadjerrouit2022,0
Hocker2025,Hocker2025,0
Kruse2023,Kruse2023,0
Ambrozy2023,Ambrozy2023,0
Bate2025,Bate2025,0
Gaki2023,Gaki2023,0
Ren2024,Ren2024,0
Pecora2026,Pecora2026,0
Agbo2021,Agbo2021,0
Anthis2025,Anthis2025,0
Jost2024,Jost2024,0
Waszek2023,Waszek2023,0
Alves2023,Alves2023,0
Eckert2025,Eckert2025,0
Broeker2023,Broeker2023,0
Corni2024,Corni2024,0
Maheshwari2025,Maheshwari2025,0
Bowden2024,Bowden2024,0
Shofty2022,Shofty2022,0
Vsquez2024,Vsquez2024,0
Farag2023,Farag2023,0
Sophocleous2024,Sophocleous2024,0
Cox2024,Cox2024,0
RomeroRodrguez2023,RomeroRodrguez2023,0
lvarezHerrero2022,lvarezHerrero2022,0
Palmiero2022,Palmiero2022,0
Owhadi2022,Owhadi2022,0
Hsieh2025,Hsieh2025,0
Elmer2023,Elmer2023,0
Nourani2024,Nourani2024,0
Sar2022,Sar2022,0
Caires2024,Caires2024,0
Silva2023,Silva2023,0
Margetts2023,Margetts2023,0
Issa2023,Issa2023,0
Murti2022,Murti2022,0
Kopcha2020,Kopcha2020,0
Boulden2021,Boulden2021,0
Sikstrm2023,Sikstrm2023,0
Karpacheva2025,Karpacheva2025,0
PinachoDavidson2024,PinachoDavidson2024,0
Ahlawat2024,Ahlawat2024,0
Mrch2023,Mrch2023,0
Datta2025,Datta2025,0
VzquezParra2024,VzquezParra2024,0
Smith2022,Smith2022,0
Gabaov2025,Gabaov2025,0
JacynaGolda2024,JacynaGolda2024,0
Anjum2025,Anjum2025,0
Reyna2023,Reyna2023,0
Herodotou2025,Herodotou2025,0
Xue2025,Xue2025,0
Kiwelekar2021,Kiwelekar2021,0
Triantafyllou2024,Triantafyllou2024,0
Rongrong2022,Rongrong2022,0
Sikstrm2024,Sikstrm2024,0
Gravel2022,Gravel2022,0
Tiwary2022,Tiwary2022,0
Shafik2024,Shafik2024,0
OstrowskaWawryniuk2022,OstrowskaWawryniuk2022,0
Perez2025,Perez2025,0
Burrows2023,Burrows2023,0
Gervasi2023,Gervasi2023,0
Macchi2022,Macchi2022,0
Sateeshchandra2025,Sateeshchandra2025,0
Poulakis2021,Poulakis2021,0
Shoaib2022,Shoaib2022,0
He2023,He2023,0
Loia2023,Loia2023,0
McCloskey2023,McCloskey2023,0
AlZrigat2025,AlZrigat2025,0
Berezsky2023,Berezsky2023,0
Derraz2024,Derraz2024,0
Lloyd2020,Lloyd2020,0
Bodrunova2024,Bodrunova2024,0
Lamba2022,Lamba2022,0
Meinhardt2024,Meinhardt2024,0
Wangenheim2023,Wangenheim2023,0
Wangenheim2023,Wangenheim2024,1.2537612838515546
Bi2024,Bi2024,0
ZolghadrAsli2023,ZolghadrAsli2023,0
Tseng2022,Tseng2022,0
Srakaya2020,Srakaya2020,0
Gerick2022,Gerick2022,0
Neubauer2023,Neubauer2023,0
Noguchi2022,Noguchi2022,0
Vroom2022,Vroom2022,0
Murthy2023,Murthy2023,0
Xia2021,Xia2021,0
Gro2024,Gro2024,0
Mirams2023,Mirams2023,0
Piccolo2024,Piccolo2024,0
Abdelshiheed2024,Abdelshiheed2024,0
Kwon2021,Kwon2021,0
Yang2023,Yang2023,0
Cho2022,Cho2022,0
Swiecki2024,Swiecki2024,0
P2025,P2025,0
Buteau2025,Buteau2025,0
Ganapini2023,Ganapini2023,0
Plant2022,Plant2022,0
Neuhaus2024,Neuhaus2024,0
Kavashev2025,Kavashev2025,0
Yang2022,Yang2022,0
Pietarinen2024,Pietarinen2024,0
Lamb2020,Lamb2020,0
Matthiessen2022,Matthiessen2022,0
Danese2023,Danese2023,0
Colao2021,Colao2021,0
Taher2025,Taher2025,0
Silvennoinen2023,Silvennoinen2023,0
Rautela2024,Rautela2024,0
Ehsan2020,Ehsan2020,0
akr2021,akr2021,0
Willett2022,Willett2022,0
Latto2024,Latto2024,0
Bottino2023,Bottino2023,0
Valdez2022,Valdez2022,0
Silva2021,Silva2021,0
Soto2022,Soto2022,0
Chan2020,Chan2020,0
Bykyazgan2021,Bykyazgan2021,0
Krishna2025,Krishna2025,0
Ganchrow2024,Ganchrow2024,0
Muggleton2025,Muggleton2025,0
Koolman2025,Koolman2025,0
Brosseau2023,Brosseau2023,0
Bevendorff2024,Bevendorff2024,0
Bevendorff2024,Ayele2024,1.352265043948614
Masys2024,Masys2024,0
Harrison2023,Harrison2023,0
Mamaev2026,Mamaev2026,0
Leslie2023,Leslie2023,0
Granato2022,Granato2022,0
Ferov2025,Ferov2025,0
Maezono2023,Maezono2023,0
Cabarle2024,Cabarle2024,0
Schreiner2021,Schreiner2021,0
Schreiner2021,Schreiner2026,1.0
Lizzadri2024,Lizzadri2024,0
Moreno2025,Moreno2025,0
Self2022,Self2022,0
Wehrheim2024,Wehrheim2024,0
Macuglia2022,Macuglia2022,0
Parvizi2023,Parvizi2023,0
Ho2022,Ho2022,0
Wen2022,Wen2022,0
Zerpa2024,Zerpa2024,0
Hofman2021,Hofman2021,0
Doo2026,Doo2026,0
Siegel2022,Siegel2022,0
Milrad2023,Milrad2023,0
Dolgopolovas2022,Dolgopolovas2022,0
Schulz2021,Schulz2021,0
Schulz2021,Schulz2022,1.0
Kasibhatla2022,Kasibhatla2022,0
Bianchi2023,Bianchi2023,0
Asfani2024,Asfani2024,0
Syaiful2022,Syaiful2022,0
Canning2025,Canning2025,0
Liu2023,Liu2023,0
Silva2025,Silva2025,0
Vieyra2021,Vieyra2021,0
Hawes2023,Hawes2023,0
Khayut2023,Khayut2023,0
Perakis2023,Perakis2023,0
Dursun2026,Dursun2026,0
Sullivan2023,Sullivan2023,0
Karlsen2024,Karlsen2024,0
Patel2022,Patel2022,0
Straton2022,Straton2022,0
Fontanella2024,Fontanella2024,0
Uzumcu2020,Uzumcu2020,0
Ayele2024,Ayele2024,0
Ayele2024,Bevendorff2024,1.352265043948614
Rolfes2021,Rolfes2021,0
Miramini2023,Miramini2023,0
Fabricatore2023,Fabricatore2023,0
Suseelan2022,Suseelan2022,0
Arar2025,Arar2025,0
Cengiz2025,Cengiz2025,0
RiveraNovoa2025,RiveraNovoa2025,0
Bordas2024,Bordas2024,0
Bordas2024,Bordas2025,1.0
Kalpokien2025,Kalpokien2025,0
Bianchini2025,Bianchini2025,0
Banh2023,Banh2023,0
Banh2023,Carnahan2025,1.4285714285714286
Banh2023,Solanki2024,1.4285714285714286
Banh2023,Kova2024,1.4285714285714286
DAlfonso2025,DAlfonso2025,0
Rong2025,Rong2025,0
Tu2025,Tu2025,0
Oubibi2025,Oubibi2025,0
Sengar2024,Sengar2024,0
Ding2025,Ding2025,0
Mynarczuk2025,Mynarczuk2025,0
Schmitt2024,Schmitt2024,0
Blease2024,Blease2024,0
Lorenz2024,Lorenz2024,0
Jabali2025,Jabali2025,0
Santareno2025,Santareno2025,0
Qureshi2025,Qureshi2025,0
Carnahan2025,Carnahan2025,0
Carnahan2025,Banh2023,1.4285714285714286
Carnahan2025,Solanki2024,1.4285714285714286
Carnahan2025,Kova2024,1.4285714285714286
Ronge2025,Ronge2025,0
Bhargava2025,Bhargava2025,0
Khater2025,Khater2025,0
Palmer2025,Palmer2025,0
Miao2024,Miao2024,0
Bower2025,Bower2025,0
Mohamed2024,Mohamed2024,0
Mohamed2024,Daungsupawong2024,1.5792798483891346
Mohamed2024,Jo2024,3.082813151651802
Storey2025,Storey2025,0
Arcolin2025,Arcolin2025,0
Ille2024,Ille2024,0
Bell2023,Bell2023,0
Min2025,Min2025,0
Redaelli2024,Redaelli2024,0
Umer2024,Umer2024,0
Suliman2024,Suliman2024,0
Campbell2025,Campbell2025,0
Tran2025,Tran2025,0
Ghanem2025,Ghanem2025,0
Sharma2025,Sharma2025,0
Vitvitskaya2025,Vitvitskaya2025,0
Okulu2025,Okulu2025,0
Phelan2025,Phelan2025,0
Solanki2024,Solanki2024,0
Solanki2024,Banh2023,1.4285714285714286
Solanki2024,Carnahan2025,1.4285714285714286
Solanki2024,Kova2024,1.4285714285714286
Hou2025,Hou2025,0
Nan2024,Nan2024,0
Ramnarain2024,Ramnarain2024,0
Yi2025,Yi2025,0
Kizilay2025,Kizilay2025,0
Bhuyan2025,Bhuyan2025,0
Kova2024,Kova2024,0
Kova2024,Banh2023,1.4285714285714286
Kova2024,Carnahan2025,1.4285714285714286
Kova2024,Solanki2024,1.4285714285714286
Hirosawa2024,Hirosawa2024,0
Heigl2025,Heigl2025,0
Park2024,Park2024,0
Mohamed2025,Mohamed2025,0
Coates2025,Coates2025,0
Rajas2025,Rajas2025,0
Bordas2025,Bordas2025,0
Bordas2025,Bordas2024,1.0
Locke2024,Locke2024,0
Marzano2025,Marzano2025,0
AriasPrez2025,AriasPrez2025,0
Peters2025,Peters2025,0
Mao2023,Mao2023,0
Yoon2024,Yoon2024,0
Xia2024,Xia2024,0
Hsu2023,Hsu2023,0
Prasertphongkun2025,Prasertphongkun2025,0
King2023,King2023,0
Bhatia2025,Bhatia2025,0
Siddharth2025,Siddharth2025,0
Wainaina2025,Wainaina2025,0
Gabidullin2025,Gabidullin2025,0
Kumar2024,Kumar2024,0
Rashidieranjbar2025,Rashidieranjbar2025,0
Nguyen2024,Nguyen2024,0
Barandiaran2025,Barandiaran2025,0
Mallikarjuna2024,Mallikarjuna2024,0
Phillips2025,Phillips2025,0
Lederman2025,Lederman2025,0
Lai2025,Lai2025,0
Irish2025,Irish2025,0
Alghamdi2025,Alghamdi2025,0
Abbas2025,Abbas2025,0
Abbas2025,Bottino2024,1.4285714285714286
Abbas2025,Nichelatti2025,1.4285714285714286
Abbas2025,Lee2025,1.4285714285714286
Abbas2025,Wang2024,1.4285714285714286
Abbas2025,Moghaddam2024,1.4285714285714286
Abbas2025,Robinson2025,1.4285714285714286
Huynh2025,Huynh2025,0
Ong2025,Ong2025,0
Aljaafreh2025,Aljaafreh2025,0
Reason2025,Reason2025,0
Samala2024,Samala2024,0
Qu2024,Qu2024,0
Sahebi2025,Sahebi2025,0
Cervantes2024,Cervantes2024,0
Shata2025,Shata2025,0
Mungall2025,Mungall2025,0
Eckardt2024,Eckardt2024,0
Bao2025,Bao2025,0
Katsamakas2024,Katsamakas2024,0
Ferrara2024,Ferrara2024,0
Breugel2024,Breugel2024,0
Lindbck2025,Lindbck2025,0
Shao2025,Shao2025,0
Martela2025,Martela2025,0
Cooper2024,Cooper2024,0
Baig2025,Baig2025,0
Tiwari2025,Tiwari2025,0
Teichmann2023,Teichmann2023,0
Yuan2025,Yuan2025,0
Kusiak2024,Kusiak2024,0
Taka2025,Taka2025,0
Kirpalani2025,Kirpalani2025,0
CrdenasMontes2025,CrdenasMontes2025,0
Pillay2026,Pillay2026,0
Silva2026,Silva2026,0
Johnston2024,Johnston2024,0
Fetzer2025,Fetzer2025,0
Primiano2025,Primiano2025,0
Bella2024,Bella2024,0
Prajapati2024,Prajapati2024,0
Anupriya2024,Anupriya2024,0
Romero2024,Romero2024,0
Merzoug2025,Merzoug2025,0
Otto2025,Otto2025,0
Yoo2025,Yoo2025,0
Omoush2025,Omoush2025,0
Mingjie2025,Mingjie2025,0
FossoWamba2025,FossoWamba2025,0
Bower2024,Bower2024,0
Dermata2025,Dermata2025,0
Miao2025,Miao2025,0
Portelance2025,Portelance2025,0
French2024,French2024,0
Frolov2025,Frolov2025,0
Salifu2025,Salifu2025,0
Crowe2024,Crowe2024,0
Garofalo2024,Garofalo2024,0
Fung2025,Fung2025,0
Eldawlatly2024,Eldawlatly2024,0
Soliman2024,Soliman2024,0
Moon2024,Moon2024,0
Bueie2025,Bueie2025,0
Schweidtmann2024,Schweidtmann2024,0
Amoroso2025,Amoroso2025,0
Paz2025,Paz2025,0
CampoRuiz2025,CampoRuiz2025,0
Haberl2025,Haberl2025,0
VzquezMadrigal2024,VzquezMadrigal2024,0
Jo2024,Jo2024,0
Jo2024,Daungsupawong2024,1.5035333032626672
Jo2024,Mohamed2024,3.082813151651802
Duong2025,Duong2025,0
Ellis2025,Ellis2025,0
Youssef2025,Youssef2025,0
Henadirage2024,Henadirage2024,0
Cantens2024,Cantens2024,0
Galaz2025,Galaz2025,0
Cui2024,Cui2024,0
Roda2025,Roda2025,0
G2024,G2024,0
Masalkhi2025,Masalkhi2025,0
Yin2025,Yin2025,0
MartnezRoln2025,MartnezRoln2025,0
Daungsupawong2024,Daungsupawong2024,0
Daungsupawong2024,Jo2024,1.5035333032626672
Daungsupawong2024,Mohamed2024,1.5792798483891346
Taloni2025,Taloni2025,0
Matthay2025,Matthay2025,0
Magdy2026,Magdy2026,0
Buckley2024,Buckley2024,0
MoroVisconti2024,MoroVisconti2024,0
MorenoIbarra2024,MorenoIbarra2024,0
Seth2024,Seth2024,0
Takahashi2024,Takahashi2024,0
Nadheer2025,Nadheer2025,0
Yang2024,Yang2024,0
McCormack2024,McCormack2024,0
Paladugu2023,Paladugu2023,0
Dwivedi2025,Dwivedi2025,0
Chakraborti2025,Chakraborti2025,0
Reddy2025,Reddy2025,0
Benala2025,Benala2025,0
Westphal2025,Westphal2025,0
Marjerison2025,Marjerison2025,0
Richards2024,Richards2024,0
Verma2025,Verma2025,0
Beheshti2025,Beheshti2025,0
Mitra2025,Mitra2025,0
Figliola2025,Figliola2025,0
Bajpai2025,Bajpai2025,0
Kar2023,Kar2023,0
Boareto2025,Boareto2025,0
Xavier2025,Xavier2025,0
Andrade2025,Andrade2025,0
Bottino2024,Bottino2024,0
Bottino2024,Nichelatti2025,1.4285714285714286
Bottino2024,Lee2025,1.4285714285714286
Bottino2024,Wang2024,1.4285714285714286
Bottino2024,Moghaddam2024,1.4285714285714286
Bottino2024,Abbas2025,1.4285714285714286
Bottino2024,Robinson2025,1.4285714285714286
Bjola2024,Bjola2024,0
Vajjhala2025,Vajjhala2025,0
Azad2025,Azad2025,0
Shiraishi2024,Shiraishi2024,0
Lonsdale2024,Lonsdale2024,0
Kanbach2023,Kanbach2023,0
Duy2025,Duy2025,0
Satpathy2025,Satpathy2025,0
Mondal2024,Mondal2024,0
Egorova2024,Egorova2024,0
Balasubramanian2025,Balasubramanian2025,0
Ali2023,Ali2023,0
Corts2025,Corts2025,0
AbrokwahLarbi2023,AbrokwahLarbi2023,0
Putnoki2024,Putnoki2024,0
Qin2024,Qin2024,0
Govindaraju2025,Govindaraju2025,0
Caudillo2025,Caudillo2025,0
Goh2025,Goh2025,0
Pasetti2025,Pasetti2025,0
Adirim2025,Adirim2025,0
Correia2025,Correia2025,0
Kuzin2025,Kuzin2025,0
Aydogan2025,Aydogan2025,0
Timmons2025,Timmons2025,0
Srivastava2025,Srivastava2025,0
Engelhardt2024,Engelhardt2024,0
Garland2025,Garland2025,0
Quarteroni2025,Quarteroni2025,0
Nichelatti2025,Nichelatti2025,0
Nichelatti2025,Bottino2024,1.4285714285714286
Nichelatti2025,Lee2025,1.4285714285714286
Nichelatti2025,Wang2024,1.4285714285714286
Nichelatti2025,Moghaddam2024,1.4285714285714286
Nichelatti2025,Abbas2025,1.4285714285714286
Nichelatti2025,Robinson2025,1.4285714285714286
BaidooAnu2024,BaidooAnu2024,0
Fissore2025,Fissore2025,0
Isteni2026,Isteni2026,0
Hayes2024,Hayes2024,0
Genga2025,Genga2025,0
He2024,He2024,0
Alsharif2025,Alsharif2025,0
Salehi2025,Salehi2025,0
Ganguly2025,Ganguly2025,0
Rubera2025,Rubera2025,0
Shukla2025,Shukla2025,0
Cooper2023,Cooper2023,0
Qamar2026,Qamar2026,0
Darwish2024,Darwish2024,0
Weinfurt2025,Weinfurt2025,0
Krauss2024,Krauss2024,0
Rodado2024,Rodado2024,0
Uar2025,Uar2025,0
Rubio2024,Rubio2024,0
Albukhari2025,Albukhari2025,0
Lubbe2025,Lubbe2025,0
Pelez2025,Pelez2025,0
Stetson2025,Stetson2025,0
Lal2024,Lal2024,0
Panthier2024,Panthier2024,0
Yaseen2025,Yaseen2025,0
Stretton2023,Stretton2023,0
Flitcroft2024,Flitcroft2024,0
Ochoa2024,Ochoa2024,0
Aimara2025,Aimara2025,0
Atkinson2024,Atkinson2024,0
Avello2025,Avello2025,0
Karamyshev2025,Karamyshev2025,0
Alfugaha2025,Alfugaha2025,0
Metakides2025,Metakides2025,0
Pang2024,Pang2024,0
Muldoon2025,Muldoon2025,0
Gazzini2024,Gazzini2024,0
Vasiliev2025,Vasiliev2025,0
Dolgikh2025,Dolgikh2025,0
Adolph2025,Adolph2025,0
Bernardis2025,Bernardis2025,0
Attia2025,Attia2025,0
Barrett2023,Barrett2023,0
Ling2024,Ling2024,0
Saju2025,Saju2025,0
Vadhil2024,Vadhil2024,0
Reichstein2025,Reichstein2025,0
Bai2025,Bai2025,0
Schiewe2025,Schiewe2025,0
Edozie2025,Edozie2025,0
Sampson2025,Sampson2025,0
Oliveira2025,Oliveira2025,0
Cropley2025,Cropley2025,0
Schwartz2025,Schwartz2025,0
Mensch2025,Mensch2025,0
Herrera2025,Herrera2025,0
Gregory2025,Gregory2025,0
Gohr2025,Gohr2025,0
Amin2024,Amin2024,0
Hua2025,Hua2025,0
Gottschling2025,Gottschling2025,0
Son2025,Son2025,0
Topping2025,Topping2025,0
Harb2024,Harb2024,0
AlMakinah2024,AlMakinah2024,0
Oria2025,Oria2025,0
Peruchini2024,Peruchini2024,0
Conde2024,Conde2024,0
Grzybowski2025,Grzybowski2025,0
Almaaitah2025,Almaaitah2025,0
Warner2025,Warner2025,0
Ramteke2024,Ramteke2024,0
Marriwala2026,Marriwala2026,0
David2025,David2025,0
Zhan2025,Zhan2025,0
Radulesco2025,Radulesco2025,0
Moroz2024,Moroz2024,0
Liao2025,Liao2025,0
Zgurovsky2025,Zgurovsky2025,0
Iranmanesh2024,Iranmanesh2024,0
Nicoletti2025,Nicoletti2025,0
Takeuchi2025,Takeuchi2025,0
Dijk2026,Dijk2026,0
Oliveira2026,Oliveira2026,0
Oliveira2026,Santos2025,1.4285714285714286
Brailas2024,Brailas2024,0
Silvestro2025,Silvestro2025,0
Dickey2024,Dickey2024,0
nal2025,nal2025,0
Ashruf2025,Ashruf2025,0
Venkataiah2025,Venkataiah2025,0
Bharambe2024,Bharambe2024,0
Aalst2025,Aalst2025,0
Abulkassova2025,Abulkassova2025,0
Batz2025,Batz2025,0
Zidouemba2025,Zidouemba2025,0
Vivian2025,Vivian2025,0
TetteyEngmann2025,TetteyEngmann2025,0
DOnofrio2024,DOnofrio2024,0
Faroldi2024,Faroldi2024,0
Ramesh2025,Ramesh2025,0
Anjaneyulu2024,Anjaneyulu2024,0
Zuo2024,Zuo2024,0
Alshehade2026,Alshehade2026,0
Bhuyan2024,Bhuyan2024,0
Fettke2025,Fettke2025,0
Kobara2025,Kobara2025,0
Varayil2025,Varayil2025,0
Semenov2023,Semenov2023,0
VeranoTacoronte2025,VeranoTacoronte2025,0
Lima2024,Lima2024,0
Alter2024,Alter2024,0
Xames2025,Xames2025,0
Ioanid2024,Ioanid2024,0
Mahale2025,Mahale2025,0
Schlegel2025,Schlegel2025,0
Grebenshchikova2024,Grebenshchikova2024,0
Ziakis2024,Ziakis2024,0
Beck2025,Beck2025,0
Martnez2024,Martnez2024,0
Singh2023,Singh2023,0
Hodges2023,Hodges2023,0
Chadha2025,Chadha2025,0
Checketts2025,Checketts2025,0
Kant2025,Kant2025,0
Murch2025,Murch2025,0
Dua2025,Dua2025,0
Lewis2025,Lewis2025,0
Myhre2025,Myhre2025,0
Malik2025,Malik2025,0
Jalloh2024,Jalloh2024,0
Popok2024,Popok2024,0
Sgantzos2024,Sgantzos2024,0
Malja2025,Malja2025,0
Ventura2025,Ventura2025,0
Chew2025,Chew2025,0
Kavousipour2025,Kavousipour2025,0
Rani2025,Rani2025,0
Moghaddam2024,Moghaddam2024,0
Moghaddam2024,Bottino2024,1.4285714285714286
Moghaddam2024,Nichelatti2025,1.4285714285714286
Moghaddam2024,Lee2025,1.4285714285714286
Moghaddam2024,Wang2024,1.4285714285714286
Moghaddam2024,Abbas2025,1.4285714285714286
Moghaddam2024,Robinson2025,1.4285714285714286
Hueso2024,Hueso2024,0
Sehgal2025,Sehgal2025,0
Krueger2025,Krueger2025,0
RamrezMontoya2024,RamrezMontoya2024,0
Petrakis2025,Petrakis2025,0
Cascella2023,Cascella2023,0
Ferreira2025,Ferreira2025,0
Santos2025,Santos2025,0
Santos2025,Oliveira2026,1.4285714285714286
Nelu2024,Nelu2024,0
Barthelme2024,Barthelme2024,0
EmmertStreib2024,EmmertStreib2024,0
Aksinina2025,Aksinina2025,0
Lehto2025,Lehto2025,0
Varghese2024,Varghese2024,0
AlDaghstany2025,AlDaghstany2025,0
Nogueira2024,Nogueira2024,0
Baucon2024,Baucon2024,0
Cesaro2025,Cesaro2025,0
Chein2024,Chein2024,0
Rubinstein2025,Rubinstein2025,0
Raman2025,Raman2025,0
Giuntella2025,Giuntella2025,0
Mundinger2025,Mundinger2025,0
Qin2025,Qin2025,0
Sutanto2025,Sutanto2025,0
Ambrosini2024,Ambrosini2024,0
Tokuyasu2025,Tokuyasu2025,0
Herrie2024,Herrie2024,0
Jaboob2024,Jaboob2024,0
Wellbrock2025,Wellbrock2025,0
Mu2025,Mu2025,0
Far2024,Far2024,0
Islam2025,Islam2025,0
Licht2024,Licht2024,0
Abarna2025,Abarna2025,0
Bischoff2025,Bischoff2025,0
Marsoof2025,Marsoof2025,0
Krilaviius2025,Krilaviius2025,0
Sebastian2024,Sebastian2024,0
Hunter2025,Hunter2025,0
Wei2025,Wei2025,0
MoroVisconti2025,MoroVisconti2025,0
Munshi2025,Munshi2025,0
Erdemir2025,Erdemir2025,0
Farhad2024,Farhad2024,0
Finzel2025,Finzel2025,0
Cheng2026,Cheng2026,0
Kang2025,Kang2025,0
Kotkondawar2025,Kotkondawar2025,0
Pairolero2025,Pairolero2025,0
CampsValls2025,CampsValls2025,0
AlSagri2024,AlSagri2024,0
ajczak2024,ajczak2024,0
Ding2024,Ding2024,0
Luong2024,Luong2024,0
Medina2025,Medina2025,0
Gokce2024,Gokce2024,0
Bhattacharyya2025,Bhattacharyya2025,0
Bellini2024,Bellini2024,0
Peles2024,Peles2024,0
Orwat2024,Orwat2024,0
Fountzilas2025,Fountzilas2025,0
Erdat2025,Erdat2025,0
Dutta2025,Dutta2025,0
Jiang2024,Jiang2024,0
Durmu2024,Durmu2024,0
Dadaboyev2025,Dadaboyev2025,0
Sundararajan2025,Sundararajan2025,0
Vishwas2025,Vishwas2025,0
Quarin2025,Quarin2025,0
Hao2025,Hao2025,0
Wells2025,Wells2025,0
Mabirizi2025,Mabirizi2025,0
Winter2025,Winter2025,0
Cibotaru2024,Cibotaru2024,0
Terry2025,Terry2025,0
Zemtsov2024,Zemtsov2024,0
Suchikova2025,Suchikova2025,0
Khan2024,Khan2024,0
OspinaGmez2025,OspinaGmez2025,0
Lewis2024,Lewis2024,0
East2025,East2025,0
Raymond2025,Raymond2025,0
Cordeiro2024,Cordeiro2024,0
Petricini2024,Petricini2024,0
Dakshinamoorthy2025,Dakshinamoorthy2025,0
Bashkami2024,Bashkami2024,0
Rosli2025,Rosli2025,0
Wirtz2024,Wirtz2024,0
Koker2024,Koker2024,0
Nikolaev2025,Nikolaev2025,0
Cash2025,Cash2025,0
Amponsah2024,Amponsah2024,0
Regondi2025,Regondi2025,0
MillanVargas2025,MillanVargas2025,0
Brindha2025,Brindha2025,0
Liso2024,Liso2024,0
Bergquist2025,Bergquist2025,0
Taulli2025,Taulli2025,0
SmithMutegi2025,SmithMutegi2025,0
Kves2024,Kves2024,0
Filho2025,Filho2025,0
Shkolyar2024,Shkolyar2024,0
Teoman2024,Teoman2024,0
Kudeli2025,Kudeli2025,0
Omar2025,Omar2025,0
Arab2025,Arab2025,0
Dring2024,Dring2024,0
Gordienko2025,Gordienko2025,0
Malmio2024,Malmio2024,0
Mahmood2024,Mahmood2024,0
Darnell2024,Darnell2024,0
Chun2025,Chun2025,0
Chatterjee2024,Chatterjee2024,0
Chudaeva2025,Chudaeva2025,0
Lam2025,Lam2025,0
Shorin2023,Shorin2023,0
Rath2024,Rath2024,0
Ao2025,Ao2025,0
Anibal2025,Anibal2025,0
Frling2024,Frling2024,0
GarcaReyes2025,GarcaReyes2025,0
Chigozie2025,Chigozie2025,0
Ozili2025,Ozili2025,0
Aghaei2025,Aghaei2025,0
Bobier2025,Bobier2025,0
Rozhkova2025,Rozhkova2025,0
Etemad2025,Etemad2025,0
Zeleneva2025,Zeleneva2025,0
Papuc2024,Papuc2024,0
Ezegwu2025,Ezegwu2025,0
Bikkasani2024,Bikkasani2024,0
TorresMartnez2025,TorresMartnez2025,0
Afoma2025,Afoma2025,0
Sakamoto2025,Sakamoto2025,0
Jang2025,Jang2025,0
Cao2024,Cao2024,0
BaraybarFernndez2025,BaraybarFernndez2025,0
Takita2025,Takita2025,0
Vassileva2025,Vassileva2025,0
Schmidl2025,Schmidl2025,0
Wild2025,Wild2025,0
Foltean2025,Foltean2025,0
Chaput2025,Chaput2025,0
Ishola2025,Ishola2025,0
Sreemathy2024,Sreemathy2024,0
Teodoro2025,Teodoro2025,0
Gustrowsky2024,Gustrowsky2024,0
Mutambara2025,Mutambara2025,0
Mutambara2025,Gupta2025,1.5740594994490793
Mutambara2025,Cheng2025,1.5740594994490793
Mutambara2025,Papajorgji2025,1.5740594994490793
Mutambara2025,Sanmugam2025,3.1789383310972896
Bouiti2025,Bouiti2025,0
Alhaif2025,Alhaif2025,0
Jang2024,Jang2024,0
Ricon2025,Ricon2025,0
Bloor2025,Bloor2025,0
MaldonadoCanca2024,MaldonadoCanca2024,0
Bindra2023,Bindra2023,0
Jani2025,Jani2025,0
PerezLopez2024,PerezLopez2024,0
Houssein2025,Houssein2025,0
Terziyan2025,Terziyan2025,0
Arrooqi2025,Arrooqi2025,0
Kse2025,Kse2025,0
Haber2025,Haber2025,0
Kaur2025,Kaur2025,0
Bhattacharjee2025,Bhattacharjee2025,0
Sideri2025,Sideri2025,0
Pollock2025,Pollock2025,0
Martagan2025,Martagan2025,0
Shang2024,Shang2024,0
Uriarte2025,Uriarte2025,0
Elalouf2025,Elalouf2025,0
Samiun2025,Samiun2025,0
Hays2024,Hays2024,0
Edler2025,Edler2025,0
Gu2023,Gu2023,0
Hicham2025,Hicham2025,0
Rabe2024,Rabe2024,0
DuezGuzmn2023,DuezGuzmn2023,0
Bacon2024,Bacon2024,0
Linardon2025,Linardon2025,0
Krzywdzinski2025,Krzywdzinski2025,0
Dinov2024,Dinov2024,0
Yazdi2025,Yazdi2025,0
Dewaker2025,Dewaker2025,0
Sood2024,Sood2024,0
Waisberg2024,Waisberg2024,0
Abdulmuhsin2025,Abdulmuhsin2025,0
RodriguezFernandez2025,RodriguezFernandez2025,0
Hanassab2024,Hanassab2024,0
Vasimalla2026,Vasimalla2026,0
Tran2024,Tran2024,0
Hui2024,Hui2024,0
Shakhovska2025,Shakhovska2025,0
Teodosio2025,Teodosio2025,0
Cochrane2025,Cochrane2025,0
Vanderheiden2025,Vanderheiden2025,0
AcostaEnriquez2025,AcostaEnriquez2025,0
dAngella2025,dAngella2025,0
Elmholdt2025,Elmholdt2025,0
Marshall2025,Marshall2025,0
Mycka2024,Mycka2024,0
Patil2025,Patil2025,0
Ranjan2025,Ranjan2025,0
Singhal2025,Singhal2025,0
Weiand2025,Weiand2025,0
Samui2025,Samui2025,0
Qamar2025,Qamar2025,0
Qamar2025,Kohnke2025,1.4285714285714286
Dhaka2024,Dhaka2024,0
Gotte2025,Gotte2025,0
Wood2025,Wood2025,0
AlDahoul2025,AlDahoul2025,0
Yen2025,Yen2025,0
Wrsdrfer2023,Wrsdrfer2023,0
Veitch2024,Veitch2024,0
Lancaster2023,Lancaster2023,0
Rebelo2025,Rebelo2025,0
Hine2024,Hine2024,0
Wilhelm2024,Wilhelm2024,0
Yinghui2025,Yinghui2025,0
Ozturk2025,Ozturk2025,0
Humm2025,Humm2025,0
Longo2024,Longo2024,0
Karn2025,Karn2025,0
Mavundla2025,Mavundla2025,0
Iordachita2025,Iordachita2025,0
PrezEnciso2025,PrezEnciso2025,0
Szadeczky2025,Szadeczky2025,0
Canatan2025,Canatan2025,0
Jiang2025,Jiang2025,0
Teo2024,Teo2024,0
DAmico2025,DAmico2025,0
Selvam2025,Selvam2025,0
Lira2026,Lira2026,0
Garza2025,Garza2025,0
Sahebi2024,Sahebi2024,0
Malas2024,Malas2024,0
Hofmann2025,Hofmann2025,0
Alqahtani2025,Alqahtani2025,0
Samokhodkin2025,Samokhodkin2025,0
Sugumaran2025,Sugumaran2025,0
Zoubi2025,Zoubi2025,0
Trzaska2025,Trzaska2025,0
Banihashem2025,Banihashem2025,0
Song2023,Song2023,0
Domanic2025,Domanic2025,0
Rosen2024,Rosen2024,0
Robinson2025,Robinson2025,0
Robinson2025,Bottino2024,1.4285714285714286
Robinson2025,Nichelatti2025,1.4285714285714286
Robinson2025,Lee2025,1.4285714285714286
Robinson2025,Wang2024,1.4285714285714286
Robinson2025,Moghaddam2024,1.4285714285714286
Robinson2025,Abbas2025,1.4285714285714286
Alwaqdani2024,Alwaqdani2024,0
Nakonechnyi2025,Nakonechnyi2025,0
Uribe2025,Uribe2025,0
Santaella2024,Santaella2024,0
